x_0,x_1,x_2,x_3,x_4,x_5,x_6,x_7,x_8,x_9,x_10,x_11,x_12,x_13,x_14,x_15,x_16,x_17,x_18,x_19,x_20,x_21,x_22,x_23,x_24,x_25,x_26,x_27,x_28,x_29,x_30,x_31,x_32,y_0,y_1,y_2,y_3,y_4,y_5,y_6,y_7,y_8,y_9,y_10,y_11,y_12,y_13,y_14,y_15,y_16,y_17,y_18,y_19,y_20,y_21,y_22,y_23,y_24,y_25,y_26,y_27,y_28,y_29,y_30,y_31,y_32,z_0,z_1,z_2,z_3,z_4,z_5,z_6,z_7,z_8,z_9,z_10,z_11,z_12,z_13,z_14,z_15,z_16,z_17,z_18,z_19,z_20,z_21,z_22,z_23,z_24,z_25,z_26,z_27,z_28,z_29,z_30,z_31,z_32,label
0.5060485601425171,0.5216965079307556,0.5342262983322144,0.5468907356262207,0.48405376076698303,0.47048887610435486,0.45962464809417725,0.5747201442718506,0.43066322803497314,0.5205771923065186,0.4762718081474304,0.6920399069786072,0.31879928708076477,0.9105077385902405,0.10615522414445877,0.8223296999931335,0.19009007513523102,0.8189888596534729,0.1822514683008194,0.7726711630821228,0.22602804005146027,0.76295405626297,0.2391694188117981,0.607028603553772,0.43704214692115784,0.5959976315498352,0.45300164818763733,0.5981816053390503,0.47609248757362366,0.5926598310470581,0.4863632619380951,0.5859866738319397,0.4705687165260315,0.7555114030838013,0.7596192359924316,0.7570716738700867,0.7543978691101074,0.7581248879432678,0.756443977355957,0.7533973455429077,0.7301353812217712,0.7131146192550659,0.7406274080276489,0.7394852042198181,0.6352970600128174,0.6394280791282654,0.6138021349906921,0.6070096492767334,0.703044056892395,0.7108438611030579,0.7284964323043823,0.7346413731575012,0.7236839532852173,0.7311526536941528,0.7165666222572327,0.725456953048706,0.5744713544845581,0.5745087265968323,0.5545744299888611,0.5577870607376099,0.5250100493431091,0.5135387182235718,0.5085383653640747,0.4997268319129944,0.5659428238868713,0.5579306483268738,-0.5814469456672668,-0.6447110176086426,-0.6447381377220154,-0.6449968814849854,-0.6445451378822327,-0.644694447517395,-0.6446262001991272,-0.6922586560249329,-0.6818980574607849,-0.5635141730308533,-0.5626030564308167,-0.5573107004165649,-0.5330212712287903,-0.2904205322265625,-0.32366684079170227,-0.21062475442886353,-0.31053626537323,-0.27466198801994324,-0.37744733691215515,-0.27756908535957336,-0.36862483620643616,-0.21133197844028473,-0.31044915318489075,0.002133958972990513,-0.0021541414316743612,0.5099865198135376,0.5350778102874756,1.1084657907485962,1.1364288330078125,1.1765507459640503,1.2005785703659058,1.1866949796676636,1.2049611806869507,pushup_up
0.5028896927833557,0.5216948390007019,0.5344330668449402,0.5471685528755188,0.4837302267551422,0.4700837731361389,0.45751631259918213,0.5754266977310181,0.4316771626472473,0.521399736404419,0.4762919843196869,0.6938761472702026,0.31543615460395813,0.9077615737915039,0.10657832771539688,0.8211033940315247,0.19020165503025055,0.8181824684143066,0.18338946998119354,0.7712749242782593,0.22626951336860657,0.7619876265525818,0.23937708139419556,0.6074829697608948,0.43366384506225586,0.5964042544364929,0.4531787931919098,0.6032689213752747,0.46795663237571716,0.5967093706130981,0.4691353738307953,0.5855269432067871,0.47084298729896545,0.7561256289482117,0.761756420135498,0.7599402070045471,0.7575467824935913,0.7600851655006409,0.7576913833618164,0.7552906274795532,0.7322331666946411,0.7173885107040405,0.7415250539779663,0.7407344579696655,0.6340503096580505,0.6386691331863403,0.6142448782920837,0.6072388291358948,0.7059767246246338,0.7097293734550476,0.7342727184295654,0.7344173192977905,0.7277787327766418,0.731403648853302,0.719937264919281,0.7251750826835632,0.5711023211479187,0.5724142789840698,0.5518368482589722,0.5574232935905457,0.5216982960700989,0.5324534773826599,0.5056651830673218,0.519982635974884,0.5661771297454834,0.559489369392395,-0.5553308129310608,-0.6294640898704529,-0.6294320821762085,-0.6297095417976379,-0.6256541013717651,-0.6258745193481445,-0.6258212924003601,-0.703145444393158,-0.6851886510848999,-0.5448524951934814,-0.5392260551452637,-0.5604174137115479,-0.5343291759490967,-0.25851380825042725,-0.28735023736953735,-0.17302052676677704,-0.2681191563606262,-0.22699053585529327,-0.34572574496269226,-0.22987455129623413,-0.3318590223789215,-0.17286960780620575,-0.26425665616989136,0.0022278400138020515,-0.002300400286912918,0.5269955396652222,0.5483060479164124,1.163597583770752,1.1788731813430786,1.2369259595870972,1.2468211650848389,1.2538386583328247,1.2481588125228882,pushup_up
0.5028310418128967,0.5217793583869934,0.5344893336296082,0.5471884608268738,0.4837579131126404,0.4701257050037384,0.45747849345207214,0.5754126906394958,0.4325384795665741,0.5218435525894165,0.4763169288635254,0.6980685591697693,0.3152734637260437,0.907539427280426,0.10519285500049591,0.8209710717201233,0.19043375551700592,0.8181329369544983,0.18361282348632812,0.7712856531143188,0.22692300379276276,0.7621714472770691,0.23979464173316956,0.6080308556556702,0.43238961696624756,0.5974343419075012,0.452849805355072,0.6066931486129761,0.469727098941803,0.5998814105987549,0.4642139971256256,0.5874612927436829,0.4699806571006775,0.7579454779624939,0.7640965580940247,0.7623211741447449,0.7593234181404114,0.7620208263397217,0.7595030069351196,0.7564283609390259,0.733040452003479,0.7208130359649658,0.7420874238014221,0.7414423823356628,0.6334539651870728,0.6377941370010376,0.6148018836975098,0.607258677482605,0.7060610055923462,0.7097001671791077,0.7342933416366577,0.7343980073928833,0.7279801368713379,0.7313950061798096,0.720140814781189,0.72507244348526,0.5703918933868408,0.5734562873840332,0.5516803860664368,0.5573934316635132,0.521133303642273,0.526588499546051,0.5053012371063232,0.5269058346748352,0.566271185874939,0.5602197051048279,-0.5224945545196533,-0.5920679569244385,-0.592042863368988,-0.5923680663108826,-0.5897427201271057,-0.5899571180343628,-0.5899538397789001,-0.6588476896286011,-0.6431378722190857,-0.509755551815033,-0.5059207081794739,-0.519321620464325,-0.5049241781234741,-0.21437755227088928,-0.25902536511421204,-0.1498623639345169,-0.24876798689365387,-0.21411751210689545,-0.31890058517456055,-0.21476906538009644,-0.3040262758731842,-0.14933857321739197,-0.24413254857063293,0.0022534411400556564,-0.0023611304350197315,0.5291453003883362,0.5486986041069031,1.1577879190444946,1.1773489713668823,1.2299797534942627,1.2457847595214844,1.2482008934020996,1.2528820037841797,pushup_up
0.50272136926651,0.5217415690422058,0.5344119071960449,0.5469878911972046,0.48378443717956543,0.4703103303909302,0.4577564299106598,0.574891984462738,0.43611738085746765,0.5221483707427979,0.4764947295188904,0.7019394636154175,0.3185240924358368,0.9100006818771362,0.1044451892375946,0.8211372494697571,0.1904621124267578,0.8186226487159729,0.18361085653305054,0.7720069289207458,0.2271275669336319,0.7635699510574341,0.2398441731929779,0.6098373532295227,0.43238094449043274,0.5982439517974854,0.45243602991104126,0.6085735559463501,0.4726915955543518,0.6022618412971497,0.4607369601726532,0.5848590135574341,0.46882420778274536,0.7579465508460999,0.7631658315658569,0.7616780996322632,0.7591351270675659,0.7608474493026733,0.7584249973297119,0.7554547190666199,0.732867419719696,0.7209056615829468,0.7422438859939575,0.7418228387832642,0.6325374841690063,0.6385656595230103,0.6146777272224426,0.6072984933853149,0.7061236500740051,0.7094604969024658,0.7342286705970764,0.7343999743461609,0.7279406785964966,0.7313829064369202,0.7201811075210571,0.724906325340271,0.569456934928894,0.5724575519561768,0.551185667514801,0.5573708415031433,0.519323468208313,0.520119309425354,0.5034462213516235,0.5271022915840149,0.5650298595428467,0.5594216585159302,-0.5299838185310364,-0.5991346836090088,-0.5990947484970093,-0.5993931293487549,-0.5970150828361511,-0.5972346067428589,-0.5972312688827515,-0.6644745469093323,-0.6500113010406494,-0.517859160900116,-0.5143617987632751,-0.5275501608848572,-0.5078174471855164,-0.22790521383285522,-0.26055091619491577,-0.16442491114139557,-0.2548724114894867,-0.2303592711687088,-0.32378771901130676,-0.23149064183235168,-0.3120744228363037,-0.16422398388385773,-0.25195831060409546,0.0017012187745422125,-0.0018977749859914184,0.5285130739212036,0.5534012317657471,1.154892921447754,1.1818547248840332,1.2264220714569092,1.249603271484375,1.2428584098815918,1.2579503059387207,pushup_up
0.5010167360305786,0.5210254192352295,0.5338535904884338,0.5465018153190613,0.4831535220146179,0.46993398666381836,0.4574354887008667,0.5745052695274353,0.43624064326286316,0.5217590928077698,0.4760725796222687,0.7036428451538086,0.31845203042030334,0.9121919274330139,0.10249780863523483,0.8210504055023193,0.18927253782749176,0.8185588121414185,0.18190529942512512,0.7720396518707275,0.22639323770999908,0.7637381553649902,0.23854225873947144,0.6101936101913452,0.4324232339859009,0.6006424427032471,0.45255300402641296,0.6097603440284729,0.4732305407524109,0.6021760106086731,0.47454211115837097,0.5814501643180847,0.46892645955085754,0.7614161968231201,0.765387773513794,0.7639676332473755,0.7616900205612183,0.7632458806037903,0.7608884572982788,0.7581292390823364,0.735770046710968,0.7244484424591064,0.7453889846801758,0.7445787787437439,0.6320556998252869,0.6399860382080078,0.6145268678665161,0.606214702129364,0.7059149742126465,0.7073475122451782,0.7340012788772583,0.7323062419891357,0.7278814315795898,0.7301496267318726,0.7201169729232788,0.7234014272689819,0.5690470933914185,0.5739748477935791,0.5509573221206665,0.5573018193244934,0.5187097191810608,0.5186666250228882,0.502814769744873,0.5102764964103699,0.5653601884841919,0.5605273842811584,-0.5149568915367126,-0.5846483707427979,-0.5846086144447327,-0.584929883480072,-0.581348180770874,-0.5815578699111938,-0.5815756916999817,-0.653036892414093,-0.6333215832710266,-0.5036191940307617,-0.49862879514694214,-0.516480565071106,-0.4901573956012726,-0.21025487780570984,-0.23262712359428406,-0.15032705664634705,-0.23190905153751373,-0.22036272287368774,-0.29996582865715027,-0.21839770674705505,-0.28891023993492126,-0.1488008350133896,-0.22923831641674042,0.0013075320748612285,-0.001595949986949563,0.5451220870018005,0.5776206254959106,1.1896265745162964,1.2278156280517578,1.2630929946899414,1.298486351966858,1.2824833393096924,1.3102527856826782,pushup_up
0.4997411370277405,0.5202319622039795,0.5331833958625793,0.5458722710609436,0.4823078513145447,0.4692959785461426,0.45685577392578125,0.573852002620697,0.4367830455303192,0.5214800834655762,0.4756526052951813,0.7047128677368164,0.3184187710285187,0.9120941758155823,0.10137511044740677,0.8209816813468933,0.18911416828632355,0.8185194134712219,0.18093045055866241,0.7723617553710938,0.22628432512283325,0.7644239068031311,0.23822158575057983,0.6113916039466858,0.4319610595703125,0.6077191829681396,0.45249930024147034,0.6134511828422546,0.4761520326137543,0.6053772568702698,0.47235679626464844,0.5823989510536194,0.4690343737602234,0.7611743211746216,0.7655078172683716,0.7642112374305725,0.7621422410011292,0.7633495926856995,0.7610118389129639,0.7582177519798279,0.7360796332359314,0.7240538001060486,0.7450892329216003,0.744046151638031,0.6328710317611694,0.639377772808075,0.6147074103355408,0.6060341000556946,0.7064580321311951,0.7073563933372498,0.7339292168617249,0.7325443029403687,0.7278726696968079,0.7304452657699585,0.7202879786491394,0.72350013256073,0.5688068270683289,0.5728129148483276,0.5523131489753723,0.5572777390480042,0.5191295742988586,0.518629789352417,0.5030561685562134,0.5245004892349243,0.5659466981887817,0.5611012578010559,-0.5150710344314575,-0.5846571326255798,-0.584611177444458,-0.5849330425262451,-0.5811651349067688,-0.5813784599304199,-0.5813952088356018,-0.6528476476669312,-0.6325530409812927,-0.5038377046585083,-0.4987694323062897,-0.5159944891929626,-0.4901880919933319,-0.2088944911956787,-0.23537014424800873,-0.15579694509506226,-0.2371591180562973,-0.22747334837913513,-0.3065457344055176,-0.2268739938735962,-0.29487067461013794,-0.15519589185714722,-0.2342911809682846,0.0006061849417164922,-0.0009909278014674783,0.5604233741760254,0.5903428196907043,1.2123894691467285,1.2462327480316162,1.2870968580245972,1.317824363708496,1.3068522214889526,1.3305435180664062,pushup_up
0.4992591440677643,0.5200866460800171,0.5331391096115112,0.5458778142929077,0.482026070356369,0.46912768483161926,0.45674848556518555,0.5739190578460693,0.4388003945350647,0.5214929580688477,0.47569286823272705,0.7055939435958862,0.31827497482299805,0.9126158952713013,0.10112235695123672,0.8211557269096375,0.1895112544298172,0.8185262084007263,0.18093647062778473,0.7733985781669617,0.22629207372665405,0.766473650932312,0.23822684586048126,0.6118801832199097,0.4313327372074127,0.607252299785614,0.45244255661964417,0.6136381030082703,0.47609078884124756,0.6055850386619568,0.46832168102264404,0.5813098549842834,0.46897223591804504,0.761676549911499,0.7666894197463989,0.7654679417610168,0.763479471206665,0.7645554542541504,0.7622643709182739,0.7594690918922424,0.737650990486145,0.7257012128829956,0.7452131509780884,0.7441307306289673,0.63303142786026,0.6389992833137512,0.6147733926773071,0.6060838103294373,0.706804633140564,0.7077442407608032,0.732840895652771,0.7328983545303345,0.7278565168380737,0.7306551933288574,0.72042316198349,0.7236448526382446,0.5683475732803345,0.5740225911140442,0.5534012317657471,0.557288646697998,0.5185313820838928,0.5189574360847473,0.5021941065788269,0.5287978649139404,0.5655628442764282,0.5620781183242798,-0.5068671107292175,-0.5775305032730103,-0.5774819850921631,-0.5778563618659973,-0.5751172304153442,-0.5753305554389954,-0.5753709077835083,-0.649803102016449,-0.632683515548706,-0.4968271851539612,-0.4929687976837158,-0.5147567391395569,-0.4930458068847656,-0.19966530799865723,-0.23589104413986206,-0.14876513183116913,-0.2365058958530426,-0.22152739763259888,-0.3066001534461975,-0.22216294705867767,-0.2924409508705139,-0.1484917253255844,-0.23218746483325958,-0.000139841009513475,-0.00034191092709079385,0.5771097540855408,0.5931122899055481,1.2296026945114136,1.2485661506652832,1.3048337697982788,1.3204407691955566,1.3190778493881226,1.325873613357544,pushup_up
0.4970424175262451,0.5190203189849854,0.5324399471282959,0.545390784740448,0.4801928997039795,0.4673236906528473,0.4549112915992737,0.5734663009643555,0.4231923520565033,0.5199428200721741,0.4739294648170471,0.7083033323287964,0.31535887718200684,0.9164161086082458,0.10039842128753662,0.822252631187439,0.18949353694915771,0.8184951543807983,0.1803332418203354,0.7746376991271973,0.2261320948600769,0.768448531627655,0.23808860778808594,0.6126930713653564,0.4265040159225464,0.6071022748947144,0.44821441173553467,0.6098037362098694,0.4738102853298187,0.6009835600852966,0.4582451581954956,0.5797315239906311,0.46683961153030396,0.7628960609436035,0.7695804238319397,0.76829993724823,0.7664145231246948,0.7667591571807861,0.7642664313316345,0.7610705494880676,0.739766538143158,0.7253711819648743,0.7460078001022339,0.7448943257331848,0.6328978538513184,0.6386657953262329,0.6145059466362,0.6052995920181274,0.706601619720459,0.707618772983551,0.7312212586402893,0.7329710125923157,0.7268019914627075,0.7306797504425049,0.7199140787124634,0.7236840724945068,0.566961407661438,0.5714491009712219,0.5535233020782471,0.5569772720336914,0.5187252163887024,0.5194217562675476,0.5024377107620239,0.5332496166229248,0.5656771063804626,0.5628458261489868,-0.48960211873054504,-0.5608659982681274,-0.56081223487854,-0.5612866878509521,-0.5609927773475647,-0.5611953139305115,-0.5612233281135559,-0.6316899061203003,-0.6237583756446838,-0.47770702838897705,-0.4767053425312042,-0.48993751406669617,-0.4888288676738739,-0.15111924707889557,-0.2046705186367035,-0.07019977271556854,-0.18321725726127625,-0.13634361326694489,-0.2505415380001068,-0.1403982937335968,-0.2347990870475769,-0.07015429437160492,-0.1774953156709671,-0.003947117365896702,0.0032352106645703316,0.6131302714347839,0.635062575340271,1.293505311012268,1.3168389797210693,1.3727247714996338,1.3931536674499512,1.3863447904586792,1.4011512994766235,pushup_up
0.492665559053421,0.5155336856842041,0.5298120975494385,0.5436909198760986,0.4765825867652893,0.4640639126300812,0.45168405771255493,0.5728124976158142,0.41192737221717834,0.5159358382225037,0.47147607803344727,0.710191011428833,0.3093501925468445,0.9159648418426514,0.09956231713294983,0.82218337059021,0.18819297850131989,0.813208281993866,0.1796155869960785,0.7733015418052673,0.22548258304595947,0.7682474851608276,0.23725026845932007,0.613187313079834,0.42181238532066345,0.6067718267440796,0.44119733572006226,0.5933591723442078,0.46790817379951477,0.5914170742034912,0.4568711221218109,0.5785781145095825,0.466320663690567,0.7628969550132751,0.7696756720542908,0.7690697908401489,0.7677463293075562,0.7661238312721252,0.7635761499404907,0.760351300239563,0.7415586709976196,0.7246052026748657,0.7461780309677124,0.744605302810669,0.6326441168785095,0.6388016939163208,0.6145074367523193,0.6043989062309265,0.7067403197288513,0.707322895526886,0.7310680150985718,0.7331149578094482,0.7267009615898132,0.7306802272796631,0.719811737537384,0.7236884832382202,0.5669475793838501,0.5703379511833191,0.5535426735877991,0.5575721859931946,0.5416644811630249,0.5256926417350769,0.5043939352035522,0.5346575379371643,0.5666348934173584,0.5665503740310669,-0.46953314542770386,-0.5433793663978577,-0.5433423519134521,-0.5438658595085144,-0.543277382850647,-0.5434668064117432,-0.5435283184051514,-0.6220635175704956,-0.6129920482635498,-0.4592447578907013,-0.4579204022884369,-0.48400604724884033,-0.4814146161079407,-0.13315272331237793,-0.18940654397010803,-0.047698941081762314,-0.1688709855079651,-0.11592517793178558,-0.23674644529819489,-0.11939723044633865,-0.2202533483505249,-0.04732963815331459,-0.16282719373703003,-0.005921471863985062,0.005110055673867464,0.6698622107505798,0.6823475956916809,1.3973619937896729,1.4120607376098633,1.4824957847595215,1.4954148530960083,1.5013954639434814,1.5089601278305054,pushup_up
0.49237310886383057,0.5145901441574097,0.5288749933242798,0.5429584383964539,0.4760778248310089,0.4636004865169525,0.45112019777297974,0.5727047324180603,0.40955841541290283,0.5158736705780029,0.471468985080719,0.7114546298980713,0.3037160336971283,0.9157052040100098,0.0988272950053215,0.8221136331558228,0.18777193129062653,0.8114555478096008,0.1796308159828186,0.7712885737419128,0.22432798147201538,0.7666428685188293,0.2353343814611435,0.6133752465248108,0.4105108380317688,0.6093813180923462,0.42940500378608704,0.5825161933898926,0.4548291563987732,0.5881989598274231,0.44346946477890015,0.5761825442314148,0.453946053981781,0.7605079412460327,0.7687181234359741,0.7678452730178833,0.7663000822067261,0.7655647993087769,0.7630167603492737,0.759564995765686,0.7405165433883667,0.724092960357666,0.742792010307312,0.7408823370933533,0.632492184638977,0.6386911273002625,0.6149005889892578,0.6040610671043396,0.7070749998092651,0.7073265314102173,0.7310031652450562,0.7331403493881226,0.7266952395439148,0.7307976484298706,0.7197998762130737,0.7239057421684265,0.5669499635696411,0.5709816217422485,0.5565627813339233,0.5583699941635132,0.5483694672584534,0.5369982719421387,0.5093651413917542,0.5405271053314209,0.572967529296875,0.5727616548538208,-0.4136747121810913,-0.49114790558815,-0.4911636412143707,-0.4917422831058502,-0.4896286427974701,-0.4898275136947632,-0.48993781208992004,-0.5870646834373474,-0.5718259811401367,-0.4088461101055145,-0.405801385641098,-0.45976558327674866,-0.45966872572898865,-0.08632206916809082,-0.14400069415569305,0.029249198734760284,-0.09672242403030396,-0.030182410031557083,-0.1570786088705063,-0.02838185615837574,-0.1430199146270752,0.03280693665146828,-0.09137783199548721,-0.006108003668487072,0.005302089266479015,0.6908428072929382,0.6608865261077881,1.4273532629013062,1.4167340993881226,1.5164932012557983,1.5067228078842163,1.5557314157485962,1.534717082977295,pushup_up
0.492859423160553,0.5148085355758667,0.5293124914169312,0.5437042713165283,0.47612684965133667,0.4636412262916565,0.45115673542022705,0.5753201246261597,0.40923407673835754,0.5183742642402649,0.4722621440887451,0.7179698348045349,0.3038557767868042,0.9170980453491211,0.09326804429292679,0.8247019648551941,0.1845039427280426,0.8116536736488342,0.18021072447299957,0.7712988257408142,0.22249920666217804,0.7668479681015015,0.2307918816804886,0.6213352680206299,0.4112017750740051,0.6181325316429138,0.43109962344169617,0.5871638655662537,0.4544048011302948,0.5877559185028076,0.44643470644950867,0.5759049654006958,0.45419108867645264,0.7586513757705688,0.768343448638916,0.7676549553871155,0.7657338976860046,0.765243411064148,0.7629249691963196,0.7591292262077332,0.7396398782730103,0.7236347794532776,0.7389686703681946,0.7379180192947388,0.6320030093193054,0.6385461091995239,0.6148699522018433,0.6006556153297424,0.7070327997207642,0.7066994905471802,0.729977011680603,0.73297119140625,0.7255004644393921,0.7304840683937073,0.7182624936103821,0.7233412265777588,0.563971221446991,0.5688697099685669,0.5565390586853027,0.5615619421005249,0.544813334941864,0.5488661527633667,0.5193825960159302,0.5409964323043823,0.5748722553253174,0.5758562684059143,-0.42731183767318726,-0.53433758020401,-0.5343706607818604,-0.5352234244346619,-0.534546434879303,-0.5348015427589417,-0.5349696278572083,-0.6626527309417725,-0.6502955555915833,-0.4409491717815399,-0.4398687481880188,-0.5432332158088684,-0.511005163192749,-0.14671897888183594,-0.1525481939315796,-0.03822186961770058,-0.14568516612052917,-0.10203944146633148,-0.205717533826828,-0.10167809575796127,-0.19684378802776337,-0.03650869429111481,-0.14149737358093262,-0.0071879299357533455,0.006601828150451183,0.6968362331390381,0.7001200914382935,1.492376685142517,1.4822990894317627,1.5871537923812866,1.5753856897354126,1.6199092864990234,1.6019651889801025,pushup_up
0.49084943532943726,0.5128576755523682,0.5280613303184509,0.5430593490600586,0.47333306074142456,0.4611227810382843,0.4488527178764343,0.5752900838851929,0.4093843102455139,0.5177085995674133,0.47134819626808167,0.7172577977180481,0.29715022444725037,0.9170467853546143,0.09261106699705124,0.8255627155303955,0.18326061964035034,0.8113750219345093,0.1802823543548584,0.7699040174484253,0.22102676331996918,0.7657309770584106,0.22855789959430695,0.6223006248474121,0.4075890779495239,0.6192478537559509,0.4254746437072754,0.5864823460578918,0.44969260692596436,0.5828925967216492,0.4462534487247467,0.5690246224403381,0.45364171266555786,0.7590110301971436,0.7686206698417664,0.7681406140327454,0.7666057348251343,0.7654105424880981,0.7632666826248169,0.7599999904632568,0.7405837774276733,0.7343946099281311,0.7394380569458008,0.7388526201248169,0.632093071937561,0.6390283703804016,0.614863395690918,0.6005592942237854,0.7070913314819336,0.7068363428115845,0.7295135259628296,0.7330026030540466,0.7247395515441895,0.7307807207107544,0.7174820303916931,0.7240442037582397,0.5634979009628296,0.5680636167526245,0.5579151511192322,0.5641573667526245,0.5502557158470154,0.5529080629348755,0.5328258872032166,0.5422061681747437,0.5761841535568237,0.5782904624938965,-0.4302026033401489,-0.5220453143119812,-0.5220771431922913,-0.5226294994354248,-0.519051194190979,-0.5193251371383667,-0.5194756388664246,-0.6607736945152283,-0.6453555822372437,-0.44112473726272583,-0.436565101146698,-0.5431733727455139,-0.52216637134552,-0.17084132134914398,-0.181028813123703,-0.07438848167657852,-0.1548084020614624,-0.13967230916023254,-0.23552125692367554,-0.14255954325199127,-0.2249186784029007,-0.07359812408685684,-0.15634454786777496,-0.004882108885794878,0.004468631464987993,0.6755591630935669,0.6410473585128784,1.437976598739624,1.364998459815979,1.5171724557876587,1.455466866493225,1.4926583766937256,1.5516225099563599,pushup_up
0.4886966347694397,0.5102554559707642,0.5259527564048767,0.5416054129600525,0.46987712383270264,0.4572485685348511,0.44424140453338623,0.5752406716346741,0.4080144166946411,0.5159006118774414,0.4695197343826294,0.7174615859985352,0.2952529191970825,0.9153839945793152,0.09078292548656464,0.8252611756324768,0.17990247905254364,0.8113941550254822,0.18004938960075378,0.7682109475135803,0.21713195741176605,0.7613015174865723,0.2226153314113617,0.6342023611068726,0.4085322916507721,0.6325563192367554,0.4201418459415436,0.6018187403678894,0.44518399238586426,0.5833393335342407,0.4474576413631439,0.5729655623435974,0.4539017677307129,0.7589300274848938,0.768180251121521,0.7675482034683228,0.7659841775894165,0.7652342319488525,0.7630627155303955,0.7597014307975769,0.7407784461975098,0.7350233793258667,0.7392652630805969,0.7380108833312988,0.6327053308486938,0.6389094591140747,0.6151241660118103,0.5982012748718262,0.7067838907241821,0.706461489200592,0.7294291853904724,0.7321103811264038,0.7245823740959167,0.7292354702949524,0.7167571187019348,0.7221817970275879,0.5627365112304688,0.5659850835800171,0.5594016313552856,0.5693039894104004,0.5483729839324951,0.5574275255203247,0.5381149649620056,0.5440457463264465,0.5790373086929321,0.5805009007453918,-0.4351191520690918,-0.5251120328903198,-0.5251584649085999,-0.5257424116134644,-0.5195693373680115,-0.5198030471801758,-0.5199771523475647,-0.6642289757728577,-0.6413763761520386,-0.4455278515815735,-0.4372907876968384,-0.5472562909126282,-0.525358259677887,-0.18528135120868683,-0.19405187666416168,-0.08027403801679611,-0.1677217334508896,-0.14069701731204987,-0.2398456335067749,-0.14259149134159088,-0.22520922124385834,-0.07879236340522766,-0.16647447645664215,-0.004866843577474356,0.004455456510186195,0.6681565642356873,0.6546738743782043,1.4109187126159668,1.3901616334915161,1.4984560012817383,1.4782907962799072,1.5385593175888062,1.5231539011001587,pushup_up
0.48981016874313354,0.5106420516967773,0.5263522267341614,0.5421810150146484,0.46998685598373413,0.4574599266052246,0.4445204436779022,0.5764535069465637,0.40519705414772034,0.5165122747421265,0.46977412700653076,0.7186604738235474,0.2934677004814148,0.9082976579666138,0.09087985008955002,0.8252250552177429,0.17764295637607574,0.8129540085792542,0.1786658614873886,0.7682507038116455,0.2149413824081421,0.7612240314483643,0.22139734029769897,0.6347898244857788,0.40737855434417725,0.6346737146377563,0.4221491813659668,0.6017695665359497,0.44669514894485474,0.5836338996887207,0.4476131498813629,0.5670958757400513,0.45425528287887573,0.7588352560997009,0.7672675848007202,0.7665293216705322,0.764999270439148,0.765082836151123,0.762900710105896,0.7593774199485779,0.7405446767807007,0.7345209121704102,0.7392581105232239,0.7380152940750122,0.6316496133804321,0.6388372182846069,0.6146906614303589,0.5973804593086243,0.7057774662971497,0.7066876888275146,0.7294131517410278,0.7329705357551575,0.7245643734931946,0.7301086187362671,0.7165644764900208,0.7230461835861206,0.5601111650466919,0.5642496347427368,0.559330940246582,0.5693773031234741,0.5372047424316406,0.5563627481460571,0.5345078110694885,0.5435472726821899,0.5790734887123108,0.5800616145133972,-0.3864585757255554,-0.48069995641708374,-0.4807186424732208,-0.4813293516635895,-0.4750736653804779,-0.4752921164035797,-0.4755343198776245,-0.6411130428314209,-0.6076772212982178,-0.4018875062465668,-0.3931531310081482,-0.5264953374862671,-0.5122424364089966,-0.14870800077915192,-0.18131639063358307,-0.02140522375702858,-0.13993200659751892,-0.07527586817741394,-0.20173394680023193,-0.07885764539241791,-0.18762417137622833,-0.019847307354211807,-0.1369742751121521,-0.00484818872064352,0.004399300552904606,0.7000743746757507,0.6870936751365662,1.4531046152114868,1.4426751136779785,1.543507695198059,1.5330991744995117,1.5926474332809448,1.5743234157562256,pushup_up
0.4893834888935089,0.5106180906295776,0.5263972878456116,0.5422026515007019,0.4686369299888611,0.4550051689147949,0.4407804310321808,0.5766821503639221,0.40531522035598755,0.5160150527954102,0.46776700019836426,0.7185152769088745,0.28848570585250854,0.899789571762085,0.08781813085079193,0.8253045082092285,0.1758212298154831,0.8139887452125549,0.17819476127624512,0.7683239579200745,0.2148735523223877,0.7612397074699402,0.22158211469650269,0.6315627098083496,0.3949589729309082,0.6223806142807007,0.40948474407196045,0.573644757270813,0.4334346652030945,0.5637738704681396,0.43985751271247864,0.5437705516815186,0.43915313482284546,0.7614157199859619,0.7679455280303955,0.7672333717346191,0.7659180760383606,0.7661099433898926,0.7640523910522461,0.761001706123352,0.7437545657157898,0.7416308522224426,0.7433741092681885,0.7420357465744019,0.6316936612129211,0.6387500762939453,0.6134737133979797,0.5960050821304321,0.7059458494186401,0.7066959142684937,0.7306140661239624,0.7329480051994324,0.7257457971572876,0.7301157116889954,0.7171440720558167,0.723146378993988,0.5589272975921631,0.5618933439254761,0.5591636896133423,0.5699490904808044,0.5403131246566772,0.5529187321662903,0.5320340394973755,0.5428717732429504,0.5786719918251038,0.5813621282577515,-0.36338913440704346,-0.4610547721385956,-0.4611014127731323,-0.4617428183555603,-0.45743319392204285,-0.45765945315361023,-0.4579082131385803,-0.6304284930229187,-0.6028763055801392,-0.38027501106262207,-0.3744773864746094,-0.5184342861175537,-0.512033998966217,-0.13639920949935913,-0.18728867173194885,-0.017847247421741486,-0.14159941673278809,-0.07311829924583435,-0.2036222666501999,-0.07778874039649963,-0.1872098743915558,-0.01722131110727787,-0.13720935583114624,-0.004386271815747023,0.0038846018724143505,0.6928603053092957,0.6783958673477173,1.4375522136688232,1.4173173904418945,1.5276219844818115,1.5054441690444946,1.5794525146484375,1.5463414192199707,pushup_up
0.4894852042198181,0.5107258558273315,0.5264756083488464,0.5424714684486389,0.4687711000442505,0.4548614025115967,0.440231591463089,0.5772328972816467,0.4041268229484558,0.5160456299781799,0.46730560064315796,0.7182275652885437,0.28927022218704224,0.8950877785682678,0.0849844440817833,0.8275948166847229,0.17103281617164612,0.8168489336967468,0.17710508406162262,0.7692955136299133,0.21179604530334473,0.7614045739173889,0.21839366853237152,0.6315679550170898,0.3927638530731201,0.6220085620880127,0.3839961886405945,0.576505720615387,0.4347134530544281,0.5621032118797302,0.4408056139945984,0.5386469960212708,0.44007301330566406,0.7655066251754761,0.7698713541030884,0.76920086145401,0.767997145652771,0.7674044966697693,0.7650672197341919,0.7621363997459412,0.7462400794029236,0.7474755048751831,0.7479315996170044,0.7456409931182861,0.6336897611618042,0.6387292146682739,0.6117286682128906,0.590528130531311,0.7093378305435181,0.7056795358657837,0.7330616116523743,0.7322607040405273,0.7275314331054688,0.7300806641578674,0.7196146249771118,0.7231532335281372,0.5588959455490112,0.5580044984817505,0.5582221150398254,0.565068781375885,0.5339936017990112,0.5524957776069641,0.5352565050125122,0.5332463979721069,0.5790218114852905,0.5811461806297302,-0.3409312963485718,-0.43968871235847473,-0.4397030174732208,-0.4404403269290924,-0.43648767471313477,-0.43664681911468506,-0.43695592880249023,-0.6105248928070068,-0.5838462710380554,-0.35787391662597656,-0.3520737588405609,-0.4869566559791565,-0.5056665539741516,-0.09757614880800247,-0.15372230112552643,0.0658872202038765,-0.044333115220069885,0.021120769903063774,-0.09259538352489471,0.014551532454788685,-0.06951142102479935,0.06651961803436279,-0.03575015440583229,-0.004869284573942423,0.004250372759997845,0.7692459225654602,0.7289459109306335,1.558657169342041,1.5239503383636475,1.65511953830719,1.6212332248687744,1.7068285942077637,1.6592785120010376,pushup_up
0.4923988878726959,0.5149475336074829,0.5318850874900818,0.5488002300262451,0.4708845019340515,0.45629000663757324,0.4409710764884949,0.5858601927757263,0.40428298711776733,0.5206274390220642,0.4681250751018524,0.719315230846405,0.2908497452735901,0.881762683391571,0.08288796991109848,0.8260969519615173,0.17142626643180847,0.817000687122345,0.17867088317871094,0.7689614295959473,0.21840979158878326,0.7600207924842834,0.22668081521987915,0.6608816981315613,0.3962029218673706,0.664698600769043,0.3923712372779846,0.5824710130691528,0.4401184022426605,0.5731356739997864,0.45860570669174194,0.5417702794075012,0.44484663009643555,0.7695102691650391,0.7699465155601501,0.7691084146499634,0.7678326368331909,0.7673102617263794,0.7647969722747803,0.7618693113327026,0.7455532550811768,0.739146888256073,0.7486236691474915,0.7457744479179382,0.634061336517334,0.636247992515564,0.6117458939552307,0.5824401378631592,0.7127708196640015,0.7016391158103943,0.736404299736023,0.7296685576438904,0.7302794456481934,0.7277568578720093,0.7227107882499695,0.7204911708831787,0.5557743906974792,0.544955849647522,0.5464702248573303,0.5649657845497131,0.5384515523910522,0.5509430766105652,0.5338577032089233,0.5332652926445007,0.5824997425079346,0.5805022120475769,-0.3661869466304779,-0.467411071062088,-0.46742528676986694,-0.46809524297714233,-0.46261879801750183,-0.4628050625324249,-0.4631052315235138,-0.6730071902275085,-0.6228907704353333,-0.386092871427536,-0.3782692849636078,-0.5576944351196289,-0.5532370805740356,-0.14256325364112854,-0.18784472346305847,0.028061063960194588,-0.09587142616510391,-0.01127215102314949,-0.15150867402553558,-0.016852183267474174,-0.1286429911851883,0.029684068635106087,-0.08937976509332657,-0.006016208790242672,0.00541691156104207,0.7516320943832397,0.7201187014579773,1.5735036134719849,1.5334339141845703,1.6728439331054688,1.6314278841018677,1.726661205291748,1.6568162441253662,pushup_up
0.4923904538154602,0.5148165822029114,0.5318372845649719,0.5487427711486816,0.47084254026412964,0.4563291668891907,0.44122254848480225,0.5864728093147278,0.40446850657463074,0.5205888748168945,0.46786415576934814,0.7202891111373901,0.30450043082237244,0.8579798340797424,0.10852260887622833,0.8140682578086853,0.19497129321098328,0.8068482875823975,0.1941494196653366,0.7625353336334229,0.22987058758735657,0.7488211989402771,0.24012690782546997,0.659561812877655,0.3975332975387573,0.6865835785865784,0.36165177822113037,0.5835392475128174,0.440569132566452,0.5733561515808105,0.4672989249229431,0.5432761311531067,0.4755926728248596,0.7709046006202698,0.7712516188621521,0.7699461579322815,0.7685696482658386,0.7678928971290588,0.7650676965713501,0.761685848236084,0.745078444480896,0.7385978698730469,0.752261221408844,0.7494518756866455,0.6375008821487427,0.6359399557113647,0.6169126033782959,0.5843492746353149,0.7178062796592712,0.6954172849655151,0.7369350790977478,0.7270770072937012,0.7312331199645996,0.7248966097831726,0.7231306433677673,0.7156516313552856,0.5604204535484314,0.5470814108848572,0.5555610060691833,0.5675123929977417,0.5593341588973999,0.563355565071106,0.5471225380897522,0.5463202595710754,0.6063522100448608,0.6046680808067322,-0.34036150574684143,-0.45384326577186584,-0.4537104368209839,-0.4545755982398987,-0.4509967267513275,-0.451005220413208,-0.4512874186038971,-0.6707032322883606,-0.6298884153366089,-0.3698868751525879,-0.3628442585468292,-0.5516515970230103,-0.5540107488632202,-0.12413797527551651,-0.1527450978755951,0.11020474135875702,0.06289403140544891,0.09172157943248749,0.0492086187005043,0.08045058697462082,0.06686858087778091,0.11090612411499023,0.07456836849451065,-0.015280012041330338,0.014571434818208218,0.7275851964950562,0.7377216815948486,1.512026309967041,1.5045287609100342,1.606147289276123,1.594092607498169,1.63124680519104,1.592281460762024,pushup_up
0.49269378185272217,0.5157345533370972,0.5329949855804443,0.5510218739509583,0.4709153175354004,0.45637038350105286,0.44130975008010864,0.5903791189193726,0.3913879692554474,0.5211543440818787,0.4679328501224518,0.7248017191886902,0.30443230271339417,0.861542284488678,0.12124129384756088,0.8068482875823975,0.19574517011642456,0.7961534857749939,0.1943138986825943,0.7520301938056946,0.22946110367774963,0.7339966893196106,0.23980803787708282,0.6632855534553528,0.39520370960235596,0.6816799640655518,0.3614965081214905,0.5924550890922546,0.4439525306224823,0.5846563577651978,0.47471457719802856,0.5466820001602173,0.47703152894973755,0.7784701585769653,0.7771820425987244,0.7756449580192566,0.7730456590652466,0.7737976908683777,0.7701953649520874,0.7651143074035645,0.7468448877334595,0.7529364228248596,0.7607796788215637,0.7578474879264832,0.6372252702713013,0.6340791583061218,0.6114611029624939,0.5670605897903442,0.7108255624771118,0.6949267983436584,0.7322884798049927,0.7266550064086914,0.7250283360481262,0.7244866490364075,0.7095775008201599,0.7140854597091675,0.5478267669677734,0.5350490808486938,0.5487250089645386,0.567322850227356,0.5712161660194397,0.569717526435852,0.5588370561599731,0.5549543499946594,0.6294382214546204,0.615595817565918,-0.4190957844257355,-0.5682132840156555,-0.5681070685386658,-0.5691322088241577,-0.5642353296279907,-0.5642850995063782,-0.5646631717681885,-0.8357003927230835,-0.7989729046821594,-0.46526068449020386,-0.4558737576007843,-0.6942729949951172,-0.6762536764144897,-0.2121291309595108,-0.2087142914533615,0.056373268365859985,-0.017573285847902298,0.02320706658065319,-0.0527646578848362,0.01559558603912592,-0.03400243818759918,0.05794118717312813,-0.008045398630201817,-0.016554996371269226,0.015935730189085007,0.7407198548316956,0.746427595615387,1.599380612373352,1.581311583518982,1.6960060596466064,1.6768585443496704,1.664427638053894,1.6344243288040161,pushup_up
0.49379998445510864,0.5169274210929871,0.5341014862060547,0.5516733527183533,0.47273075580596924,0.4586307406425476,0.4441724419593811,0.5930718183517456,0.4006985127925873,0.5211369395256042,0.46854016184806824,0.7244197130203247,0.3149140179157257,0.8096373081207275,0.12030044943094254,0.7826387286186218,0.19993504881858826,0.7873324155807495,0.19362489879131317,0.7438963055610657,0.2293553203344345,0.7299073338508606,0.2393800914287567,0.6594886183738708,0.394650399684906,0.7090547680854797,0.2181190550327301,0.6126656532287598,0.4928045868873596,0.6096340417861938,0.5466947555541992,0.5478428602218628,0.5498525500297546,0.7805736064910889,0.7783063650131226,0.7769008278846741,0.7746652364730835,0.7734630703926086,0.7696372866630554,0.7647837996482849,0.746654748916626,0.7457271814346313,0.7649145722389221,0.7595392465591431,0.6365686058998108,0.6325464844703674,0.614888072013855,0.571708083152771,0.7100977301597595,0.6905099153518677,0.7315798997879028,0.7238203287124634,0.7229114770889282,0.7215457558631897,0.7059706449508667,0.711809515953064,0.5516309142112732,0.5358442068099976,0.5829878449440002,0.5721050500869751,0.5814017653465271,0.5727733373641968,0.5659341216087341,0.5566452145576477,0.6329596638679504,0.6275621056556702,-0.33593547344207764,-0.4795556664466858,-0.47917693853378296,-0.4797285795211792,-0.4786015450954437,-0.47848594188690186,-0.479123055934906,-0.7704107761383057,-0.7470650672912598,-0.3998461961746216,-0.39715585112571716,-0.6513425707817078,-0.6297357678413391,-0.20108434557914734,-0.1550743281841278,0.15916243195533752,0.22712773084640503,0.1580537110567093,0.25230172276496887,0.1380126029253006,0.24128277599811554,0.15973742306232452,0.23267659544944763,-0.025318102911114693,0.02497066929936409,0.08257663995027542,0.14159135520458221,0.9079492092132568,0.8112764954566956,0.9950733780860901,0.8863417506217957,0.9395285844802856,0.8264370560646057,pushup_up
0.4939872622489929,0.5175716280937195,0.5347421169281006,0.5522992014884949,0.4734891653060913,0.4594811201095581,0.44537895917892456,0.5943513512611389,0.40127456188201904,0.5216577649116516,0.4690570533275604,0.724129319190979,0.31463921070098877,0.8100812435150146,0.1171303540468216,0.7799540758132935,0.19949570298194885,0.7875004410743713,0.19321806728839874,0.7414701581001282,0.22672398388385773,0.7297933101654053,0.23705537617206573,0.6578618884086609,0.37642017006874084,0.7234999537467957,0.12892498075962067,0.611613392829895,0.4873247444629669,0.6072543859481812,0.5383715033531189,0.516863226890564,0.5535643100738525,0.7789685726165771,0.7775567770004272,0.7762109041213989,0.7740580439567566,0.7729457020759583,0.7693547010421753,0.7633930444717407,0.7432799339294434,0.7510360479354858,0.7636510729789734,0.757341206073761,0.6363769173622131,0.6318217515945435,0.6198904514312744,0.5737122297286987,0.7095513343811035,0.686764121055603,0.7311667203903198,0.7225450873374939,0.7231226563453674,0.7189608812332153,0.7065492868423462,0.7094195485115051,0.5504632592201233,0.537866473197937,0.6235793828964233,0.5719913244247437,0.610338568687439,0.5958600640296936,0.5883229970932007,0.5730459094047546,0.659663200378418,0.670289158821106,-0.535333514213562,-0.6879497170448303,-0.6873963475227356,-0.6878764033317566,-0.6771751046180725,-0.6770906448364258,-0.6775657534599304,-0.9790483117103577,-0.9254502058029175,-0.587340235710144,-0.5744726657867432,-0.8070805668830872,-0.7614017128944397,-0.2654916048049927,-0.29476484656333923,0.09542109072208405,0.0795355811715126,0.07787486910820007,0.04925787076354027,0.057926204055547714,0.05821123719215393,0.09652610123157501,0.0915427878499031,-0.026654457673430443,0.02640075609087944,-0.21173779666423798,-0.05906039848923683,0.6403138637542725,0.5487200021743774,0.7342385053634644,0.619335412979126,0.6600693464279175,0.5305196046829224,pushup_up
0.49313899874687195,0.516812801361084,0.5339072346687317,0.5513752102851868,0.47339630126953125,0.45950981974601746,0.44549599289894104,0.5938604474067688,0.40548112988471985,0.5208169221878052,0.46847617626190186,0.7287651300430298,0.31602874398231506,0.8089324831962585,0.11487222462892532,0.7744929790496826,0.1985538750886917,0.781455934047699,0.19085508584976196,0.7391048073768616,0.2247745245695114,0.7286257147789001,0.23580893874168396,0.6582050323486328,0.3766547739505768,0.7182105779647827,0.180319145321846,0.6126902103424072,0.48401832580566406,0.6095019578933716,0.5340245366096497,0.5231268405914307,0.5512139797210693,0.7814573645591736,0.7802788615226746,0.7791426181793213,0.7774885296821594,0.7745974659919739,0.7705308198928833,0.7654465436935425,0.7448967695236206,0.7449482083320618,0.7646450400352478,0.7576650977134705,0.6355291604995728,0.6293541789054871,0.6215201020240784,0.5719742178916931,0.7081496715545654,0.6865662336349487,0.730209231376648,0.7228409051895142,0.7184537053108215,0.7193127870559692,0.7048696279525757,0.7098215222358704,0.5490087270736694,0.5339481234550476,0.6267759799957275,0.58905428647995,0.6377610564231873,0.6178029179573059,0.6225917935371399,0.5951651930809021,0.6933534741401672,0.6956995129585266,-0.5417274832725525,-0.6933568120002747,-0.6928430199623108,-0.6932179927825928,-0.6762905716896057,-0.676270067691803,-0.6767453551292419,-1.0070581436157227,-0.9279021620750427,-0.6003780961036682,-0.5801088809967041,-0.8308465480804443,-0.7584803104400635,-0.27164551615715027,-0.27009880542755127,0.11643289029598236,0.1165434941649437,0.1080855056643486,0.1314552128314972,0.07963169366121292,0.11839744448661804,0.11599826067686081,0.12122881412506104,-0.027181129902601242,0.027039622887969017,-0.15417158603668213,0.009222765453159809,0.6719105243682861,0.648105263710022,0.7568176984786987,0.7173853516578674,0.645710289478302,0.6101841330528259,pushup_up
0.49185431003570557,0.5168172717094421,0.5339853763580322,0.5520116090774536,0.4731973111629486,0.4592459499835968,0.44517800211906433,0.5943736433982849,0.4067385494709015,0.5207265019416809,0.46762317419052124,0.7286404371261597,0.27916860580444336,0.8142127394676208,0.10536439716815948,0.7267650961875916,0.20852822065353394,0.7154932022094727,0.21698398888111115,0.6996299028396606,0.24151381850242615,0.6758338212966919,0.24885684251785278,0.6493902206420898,0.3634544909000397,0.7071854472160339,0.234194815158844,0.6227383613586426,0.4824639558792114,0.6160547733306885,0.5310033559799194,0.5804733037948608,0.5437785983085632,0.7806504964828491,0.7790729403495789,0.7782351970672607,0.7771567106246948,0.7714753150939941,0.7663456201553345,0.7614253163337708,0.7405434846878052,0.7521885633468628,0.764474630355835,0.7547555565834045,0.6336315870285034,0.6082133650779724,0.6222770810127258,0.5733700394630432,0.6797592639923096,0.6759656667709351,0.7007869482040405,0.7107745409011841,0.6859917044639587,0.7046495676040649,0.6650204062461853,0.6958209276199341,0.5436608791351318,0.5314273238182068,0.6326633095741272,0.6272250413894653,0.6822806596755981,0.649989902973175,0.675521969795227,0.6325973868370056,0.7440896034240723,0.7203916311264038,-0.5983636379241943,-0.7439153790473938,-0.7438192367553711,-0.7445586323738098,-0.7394576072692871,-0.7394921183586121,-0.7401742935180664,-1.0445117950439453,-1.0278736352920532,-0.6552762985229492,-0.6514126658439636,-0.9025319218635559,-0.8721640110015869,-0.4188935458660126,-0.4871717095375061,-0.19489650428295135,-0.36605119705200195,-0.25513526797294617,-0.42558178305625916,-0.28000199794769287,-0.4238164722919464,-0.1982937455177307,-0.36509355902671814,-0.011753135360777378,0.012229244224727154,-0.1274508386850357,0.31279927492141724,0.9751394391059875,0.9117188453674316,1.057295799255371,1.0092898607254028,0.9642354249954224,0.9646992087364197,pushup_up
0.49026134610176086,0.5160640478134155,0.5352277755737305,0.5532002449035645,0.4742695391178131,0.46097320318222046,0.44763046503067017,0.5890201330184937,0.4190322160720825,0.5161619186401367,0.46766039729118347,0.7186226844787598,0.2955155074596405,0.8162524700164795,0.10507754981517792,0.7422770857810974,0.21323265135288239,0.7165475487709045,0.21987248957157135,0.7038906216621399,0.24798057973384857,0.6839615106582642,0.2606334388256073,0.6468979716300964,0.36380717158317566,0.7033216953277588,0.2311924397945404,0.6282017827033997,0.48303353786468506,0.6185830235481262,0.5275411009788513,0.6057841181755066,0.5636956095695496,0.7678136825561523,0.767370343208313,0.7516834139823914,0.7517638206481934,0.7662991285324097,0.763516366481781,0.7604569792747498,0.7276656031608582,0.7375272512435913,0.7433183193206787,0.742294192314148,0.599290668964386,0.6031590700149536,0.611535906791687,0.5775716304779053,0.664254367351532,0.6631143093109131,0.6883673667907715,0.7017683386802673,0.6687752604484558,0.6887410879135132,0.6556949615478516,0.6800873279571533,0.524380087852478,0.5278908610343933,0.6649309396743774,0.6675292253494263,0.6813832521438599,0.6824254989624023,0.6671481728553772,0.6622180342674255,0.7543214559555054,0.7687429785728455,-0.603021502494812,-0.7276518940925598,-0.7273547053337097,-0.7277396321296692,-0.7226390242576599,-0.7227067947387695,-0.7236045598983765,-0.9812282919883728,-0.9652935266494751,-0.651125967502594,-0.6481243968009949,-0.8642520308494568,-0.8250439167022705,-0.5709933638572693,-0.6534017324447632,-0.6394255757331848,-0.7612412571907043,-0.7343888878822327,-0.8333314657211304,-0.7750623822212219,-0.8521069884300232,-0.6550042629241943,-0.7697193622589111,-0.0021137904841452837,0.0026221531443297863,-0.20583389699459076,-0.09311788529157639,0.7334096431732178,0.7073768973350525,0.8264893293380737,0.7957574725151062,0.7496470808982849,0.7299697995185852,pushup_up
0.4751131236553192,0.5195782780647278,0.5402963161468506,0.5301716923713684,0.47782865166664124,0.45011618733406067,0.43772298097610474,0.574587881565094,0.4179695248603821,0.5055376291275024,0.4626273810863495,0.7258194088935852,0.3101974129676819,0.8183654546737671,0.10486012697219849,0.750890851020813,0.23716695606708527,0.7347773313522339,0.2501247525215149,0.7107553482055664,0.2816949784755707,0.6940024495124817,0.2851791977882385,0.6643932461738586,0.381944477558136,0.7099973559379578,0.2593800723552704,0.6320705413818359,0.44654253125190735,0.6183848977088928,0.48498231172561646,0.6404346227645874,0.4892064034938812,0.741746187210083,0.7324551939964294,0.7295123934745789,0.7323979139328003,0.7233032584190369,0.7387727499008179,0.737756073474884,0.7051329016685486,0.7102376222610474,0.7218045592308044,0.7235956192016602,0.6028169393539429,0.6059409379959106,0.6074796319007874,0.5862247347831726,0.6467260122299194,0.6597548127174377,0.6644933819770813,0.6978297233581543,0.6412656903266907,0.6848773956298828,0.6343634724617004,0.6764041781425476,0.5165960788726807,0.5227566361427307,0.6783939599990845,0.6940218210220337,0.7625067830085754,0.7616450786590576,0.7577276229858398,0.7553583383560181,0.8606382608413696,0.8572518229484558,-0.8129464983940125,-0.9242352843284607,-0.9240387678146362,-0.9243056178092957,-0.9020283222198486,-0.9019768834114075,-0.902740478515625,-1.142244577407837,-1.0476984977722168,-0.8561104536056519,-0.8282806277275085,-0.934769332408905,-0.8896340131759644,-0.5136063694953918,-0.49832576513290405,-0.3921847343444824,-0.4417220950126648,-0.4563419818878174,-0.47331488132476807,-0.5020982027053833,-0.7592782974243164,-0.403350293636322,-0.5021016001701355,-0.0008448672597296536,0.0016193410847336054,-0.11821384727954865,-0.04443233087658882,0.750907838344574,0.7647209763526917,0.8357844948768616,0.8487070798873901,0.7295894026756287,0.7404775023460388,pushup_up
0.4759278893470764,0.519541323184967,0.5401976704597473,0.5380939841270447,0.476614773273468,0.4506026804447174,0.4380081295967102,0.5849218368530273,0.4222557544708252,0.5062516927719116,0.46229901909828186,0.6976743936538696,0.2698715627193451,0.7992274165153503,0.08813611418008804,0.7422901391983032,0.23508639633655548,0.7384185194969177,0.24659760296344757,0.7075513601303101,0.2753467261791229,0.6909223198890686,0.285608172416687,0.6436576843261719,0.34379681944847107,0.7118508815765381,0.1939980834722519,0.6410382986068726,0.46725884079933167,0.6259900331497192,0.5086655616760254,0.6325130462646484,0.5870400071144104,0.7422804832458496,0.7332133650779724,0.7340773940086365,0.7359747886657715,0.7296689748764038,0.7423640489578247,0.7403504848480225,0.7106482982635498,0.7215852737426758,0.7256280183792114,0.7244982719421387,0.5950244665145874,0.6003755331039429,0.6064993143081665,0.5863052606582642,0.646830677986145,0.656774640083313,0.6663576364517212,0.6979663968086243,0.6579576730728149,0.6861799955368042,0.6353516578674316,0.676523745059967,0.5205910205841064,0.5243203043937683,0.6695986986160278,0.6717010736465454,0.7135728597640991,0.7067828178405762,0.7021803855895996,0.6907589435577393,0.7907741665840149,0.7905557751655579,-0.8128041625022888,-0.928618848323822,-0.9282640218734741,-0.9286938905715942,-0.9284489154815674,-0.9286053776741028,-0.9293709397315979,-1.1168383359909058,-1.1248672008514404,-0.8329957723617554,-0.8373525738716125,-0.9346777200698853,-0.9032459855079651,-0.5108093023300171,-0.6400169134140015,-0.36159926652908325,-0.6007940769195557,-0.428976833820343,-0.651007890701294,-0.4609740376472473,-0.6729456186294556,-0.36856353282928467,-0.6047365665435791,0.004684628453105688,-0.003765364410355687,-0.21467845141887665,-0.09332528710365295,0.6557802557945251,0.5845311284065247,0.7422306537628174,0.6587009429931641,0.5969517827033997,0.5116906762123108,pushup_up
0.47576433420181274,0.5242621898651123,0.542797327041626,0.537998616695404,0.481991708278656,0.45095202326774597,0.4382267892360687,0.5849422216415405,0.4228965640068054,0.5066767334938049,0.4622023403644562,0.7178117632865906,0.2956564426422119,0.8120944499969482,0.1198415532708168,0.7694810628890991,0.2331349104642868,0.7680647373199463,0.24107396602630615,0.7213515639305115,0.27380499243736267,0.7072546482086182,0.28189557790756226,0.6477997899055481,0.3550907075405121,0.7225983738899231,0.20453985035419464,0.6409434676170349,0.45459699630737305,0.6253124475479126,0.4969482123851776,0.6325381994247437,0.5338358879089355,0.7088896036148071,0.7166473865509033,0.7176869511604309,0.703181803226471,0.7106162309646606,0.7086358666419983,0.7085163593292236,0.680420994758606,0.6870256662368774,0.6937039494514465,0.695478081703186,0.5805463194847107,0.5990728735923767,0.6026328802108765,0.6058913469314575,0.6314223408699036,0.6585565805435181,0.6606622934341431,0.6959472894668579,0.6385581493377686,0.6810433268547058,0.6282731294631958,0.6733682155609131,0.5031527876853943,0.5135445594787598,0.6578847169876099,0.6681308150291443,0.7107722759246826,0.7399531602859497,0.7004392147064209,0.7328497767448425,0.8038281202316284,0.836025595664978,-0.8978197574615479,-0.9982818365097046,-0.9979942440986633,-0.9983707070350647,-0.9912267923355103,-0.9912707805633545,-0.9921969175338745,-1.1722021102905273,-1.1434684991836548,-0.921468198299408,-0.9138795733451843,-0.9737781882286072,-0.9698728919029236,-0.7539054751396179,-0.6593562960624695,-0.9821957349777222,-0.5956688523292542,-1.1041704416275024,-0.6558958888053894,-1.1416994333267212,-0.6791385412216187,-1.001713752746582,-0.600944459438324,0.01220819540321827,-0.011075900867581367,-0.12235383689403534,-0.02911294624209404,0.7297242283821106,0.757837176322937,0.8274359107017517,0.8397737145423889,0.743493914604187,0.7025280594825745,pushup_up
0.47614285349845886,0.5241961479187012,0.5424897074699402,0.5415140986442566,0.4819281995296478,0.4558280110359192,0.4428827166557312,0.5904001593589783,0.42898812890052795,0.51455157995224,0.46223750710487366,0.7181711196899414,0.2958519756793976,0.8208648562431335,0.12701304256916046,0.7588877081871033,0.21964645385742188,0.7544397711753845,0.23513531684875488,0.7112767696380615,0.27128827571868896,0.6803478002548218,0.2789757549762726,0.6413021087646484,0.3583413064479828,0.7069475650787354,0.2192644327878952,0.6299195885658264,0.45017051696777344,0.6099420189857483,0.4935421943664551,0.6307465434074402,0.5160810947418213,0.7091333270072937,0.7093713283538818,0.7084425091743469,0.7037244439125061,0.7093830108642578,0.7083195447921753,0.7078585028648376,0.6790938973426819,0.6843697428703308,0.6883674263954163,0.6947533488273621,0.5839358568191528,0.5883713960647583,0.6028687357902527,0.615734338760376,0.6422721147537231,0.6499382257461548,0.6650194525718689,0.6880137324333191,0.6501742005348206,0.6733677387237549,0.6361538171768188,0.6665657758712769,0.5229114890098572,0.5222024917602539,0.673256516456604,0.6759781837463379,0.7774794697761536,0.7761083245277405,0.7805020213127136,0.7729732990264893,0.8619659543037415,0.8703770637512207,-0.9073998928070068,-0.9975476861000061,-0.9971034526824951,-0.9969434142112732,-0.9925031661987305,-0.9926625490188599,-0.9936752319335938,-1.1287155151367188,-1.1100540161132812,-0.9196008443832397,-0.9166542291641235,-1.007430911064148,-0.9691331386566162,-1.1852644681930542,-1.306198000907898,-1.863369107246399,-1.9592137336730957,-2.0412352085113525,-2.1091740131378174,-2.046113967895508,-2.0986597537994385,-1.8782613277435303,-1.968883991241455,0.0169562716037035,-0.015681998804211617,-0.271696537733078,-0.09737657010555267,0.40291404724121094,0.3797364830970764,0.4653041958808899,0.4277576804161072,0.2833227813243866,0.2721843421459198,pushup_up
0.49899420142173767,0.5069270133972168,0.5204583406448364,0.5290582180023193,0.46677783131599426,0.4549005627632141,0.44547033309936523,0.5424516797065735,0.4167872667312622,0.510137677192688,0.4800524115562439,0.6435689330101013,0.3455415666103363,0.7915982007980347,0.18571488559246063,0.7913545370101929,0.19768568873405457,0.8116286993026733,0.17659500241279602,0.7646200656890869,0.2203798145055771,0.7549572587013245,0.2358272820711136,0.563437819480896,0.45090290904045105,0.5291053652763367,0.4382157325744629,0.532189130783081,0.4521233141422272,0.5307559370994568,0.46936947107315063,0.5330325961112976,0.46282821893692017,0.7439239621162415,0.7643367052078247,0.7629342675209045,0.7395238876342773,0.7642677426338196,0.7635465264320374,0.7626798152923584,0.7191416025161743,0.7346113920211792,0.7314733266830444,0.7309187650680542,0.6488925814628601,0.658142626285553,0.6206158995628357,0.6406406760215759,0.7123738527297974,0.7116023898124695,0.7353036999702454,0.738137423992157,0.72752445936203,0.7323166131973267,0.7267106771469116,0.7229857444763184,0.57452791929245,0.5733936429023743,0.5659647583961487,0.5788417458534241,0.5439437031745911,0.5569513440132141,0.5321913361549377,0.5340407490730286,0.5715731978416443,0.5786479711532593,-0.4082188010215759,-0.47338688373565674,-0.47368040680885315,-0.4740891456604004,-0.46789076924324036,-0.46801504492759705,-0.4682684540748596,-0.5609069466590881,-0.5371566414833069,-0.4141670763492584,-0.4063536822795868,-0.4975752532482147,-0.48673370480537415,-0.39057832956314087,-0.35633912682533264,-0.40690991282463074,-0.35164010524749756,-0.46113041043281555,-0.39746755361557007,-0.46479544043540955,-0.4067865014076233,-0.4095422625541687,-0.35466036200523376,0.01125131081789732,-0.011358688585460186,0.5209572911262512,0.5158970952033997,1.1039259433746338,1.110562801361084,1.1763018369674683,1.1791032552719116,1.2576425075531006,1.2507778406143188,pushup_up
0.5225639939308167,0.5402280688285828,0.5544989705085754,0.5634574890136719,0.5031158924102783,0.4920136630535126,0.48165324330329895,0.5905364751815796,0.44949448108673096,0.5444890856742859,0.49934735894203186,0.7058254480361938,0.3520050346851349,0.7677416205406189,0.2446492463350296,0.7812471389770508,0.20739951729774475,0.7921869158744812,0.1869342029094696,0.7533338665962219,0.224314883351326,0.7381722331047058,0.23939257860183716,0.6111010909080505,0.4466736316680908,0.6500382423400879,0.4241572618484497,0.5874868631362915,0.4566684365272522,0.5696160197257996,0.4665714204311371,0.603506863117218,0.4838711619377136,0.4888527989387512,0.47536835074424744,0.4735793173313141,0.4715682864189148,0.47646522521972656,0.47566255927085876,0.4748125970363617,0.46151360869407654,0.4659563899040222,0.49305635690689087,0.4953870177268982,0.47472721338272095,0.468655526638031,0.5736945271492004,0.5812886953353882,0.6974644660949707,0.6991540193557739,0.7241020798683167,0.7293316125869751,0.7274035215377808,0.7286936640739441,0.718172013759613,0.7171195149421692,0.3926715850830078,0.39068102836608887,0.4794047772884369,0.4849928915500641,0.5392355918884277,0.5460445880889893,0.5486022233963013,0.5545324087142944,0.5854406356811523,0.5990921258926392,-0.649397075176239,-0.7011933922767639,-0.7010679244995117,-0.7012620568275452,-0.7006478905677795,-0.7008512616157532,-0.7008622288703918,-0.7097533941268921,-0.7145952582359314,-0.6301841735839844,-0.630958080291748,-0.534363329410553,-0.5606110095977783,-0.44990792870521545,-0.5233584642410278,-0.5098991394042969,-0.5527276992797852,-0.5777655243873596,-0.6215660572052002,-0.5828219652175903,-0.6186127066612244,-0.5183388590812683,-0.5540159940719604,0.022246936336159706,-0.022474851459264755,0.15899981558322906,0.094757579267025,0.5237565636634827,0.49837222695350647,0.5643584728240967,0.54292231798172,0.5444778800010681,0.5394365787506104,pushup_down
0.5172065496444702,0.5342409610748291,0.5471175909042358,0.5595102310180664,0.49921971559524536,0.48783183097839355,0.47582975029945374,0.5800632238388062,0.4462655782699585,0.5343850255012512,0.4929331839084625,0.6884973049163818,0.34309908747673035,0.7347733974456787,0.25879737734794617,0.7751075625419617,0.20990560948848724,0.7918141484260559,0.1877576857805252,0.7574053406715393,0.22368568181991577,0.7411839962005615,0.23734986782073975,0.5963534712791443,0.44106927514076233,0.6140024662017822,0.4235990643501282,0.5636804699897766,0.45993685722351074,0.546274721622467,0.46805113554000854,0.5854227542877197,0.48935043811798096,0.4880446493625641,0.47511106729507446,0.4738311767578125,0.47206735610961914,0.474213182926178,0.4727960228919983,0.4715054929256439,0.46125125885009766,0.46231919527053833,0.4921490550041199,0.49208682775497437,0.4740825593471527,0.4657351076602936,0.5719373226165771,0.5808355808258057,0.6974782943725586,0.6981785893440247,0.7228938937187195,0.7281622290611267,0.7295944094657898,0.7288450598716736,0.7215890288352966,0.7172132134437561,0.38530033826828003,0.38346943259239197,0.46891847252845764,0.48000454902648926,0.5426434278488159,0.5477918386459351,0.5507653951644897,0.5537843108177185,0.5875713229179382,0.5962193012237549,-0.6671168804168701,-0.711918830871582,-0.7116008400917053,-0.7115930318832397,-0.7157785296440125,-0.7159925103187561,-0.7158623337745667,-0.7154669165611267,-0.7211050987243652,-0.6429250836372375,-0.6485146284103394,-0.5437450408935547,-0.5728384256362915,-0.4678637683391571,-0.5437304973602295,-0.5330178737640381,-0.5751118659973145,-0.6079444289207458,-0.6517921090126038,-0.616711437702179,-0.6487923264503479,-0.543202817440033,-0.576953113079071,0.012753342278301716,-0.013035168871283531,0.12949010729789734,0.1020902618765831,0.4909610450267792,0.4439082145690918,0.5290414094924927,0.4784161448478699,0.47487398982048035,0.4215811491012573,pushup_down
0.5175714492797852,0.5351218581199646,0.5478076338768005,0.5604292154312134,0.4998403787612915,0.48796436190605164,0.47567087411880493,0.5795102715492249,0.4457782804965973,0.5339230298995972,0.4929114580154419,0.6859225630760193,0.3413723111152649,0.7271350622177124,0.265741229057312,0.7710458636283875,0.20947028696537018,0.7907478213310242,0.18667784333229065,0.7569429278373718,0.22175046801567078,0.7403184771537781,0.23364931344985962,0.5931702852249146,0.4401375949382782,0.6012446284294128,0.43229416012763977,0.5528991222381592,0.4505469799041748,0.5297788977622986,0.46084731817245483,0.5767969489097595,0.4829965829849243,0.4845763146877289,0.4732387065887451,0.4719722270965576,0.4700532555580139,0.4721497893333435,0.47058624029159546,0.46902650594711304,0.4581899642944336,0.4602653980255127,0.4887644648551941,0.48800477385520935,0.4752155840396881,0.4611746370792389,0.5721422433853149,0.582536518573761,0.6978890895843506,0.6984633803367615,0.7227818965911865,0.7281402349472046,0.7299360632896423,0.7301236987113953,0.7228271961212158,0.7191804647445679,0.38101059198379517,0.3797083795070648,0.4874269962310791,0.5064997673034668,0.5842137932777405,0.5930667519569397,0.5946264863014221,0.6019338369369507,0.6275988817214966,0.6482962369918823,-0.7300992608070374,-0.775516927242279,-0.7752919793128967,-0.7753163576126099,-0.7758389711380005,-0.7759959101676941,-0.7759003639221191,-0.7677158117294312,-0.7729414105415344,-0.7059558033943176,-0.7071564793586731,-0.5686042308807373,-0.5590081214904785,-0.4878692328929901,-0.5326356291770935,-0.5626278519630432,-0.5660947561264038,-0.6444218754768372,-0.6389312148094177,-0.6342344284057617,-0.6459296941757202,-0.567733645439148,-0.5737999677658081,0.014375419355928898,-0.01466035470366478,0.08292257785797119,0.08622294664382935,0.424314022064209,0.39036309719085693,0.45941755175590515,0.4196770191192627,0.3814728558063507,0.3323490023612976,pushup_down
0.5000039339065552,0.5140467882156372,0.5265843868255615,0.542025089263916,0.4830913841724396,0.47216296195983887,0.4600061774253845,0.5632420182228088,0.43221956491470337,0.5155168175697327,0.47978729009628296,0.6766965389251709,0.33670690655708313,0.7134751081466675,0.2791483998298645,0.7676256895065308,0.20892132818698883,0.7909110188484192,0.18466322124004364,0.76068115234375,0.21761418879032135,0.7418490648269653,0.2294507920742035,0.580978512763977,0.43178591132164,0.5910981297492981,0.4216609001159668,0.5450212955474854,0.45247066020965576,0.5256327986717224,0.44601958990097046,0.5660675764083862,0.4762333333492279,0.4854566156864166,0.4740573763847351,0.47248339653015137,0.4709073603153229,0.4736591875553131,0.4723828434944153,0.471107542514801,0.45571190118789673,0.4610854685306549,0.4888293743133545,0.48803776502609253,0.4715782701969147,0.4627484679222107,0.5748902559280396,0.5886768102645874,0.699388861656189,0.7003902196884155,0.7227529287338257,0.7287570238113403,0.7304070591926575,0.7321413159370422,0.7237313985824585,0.7210144400596619,0.3818119168281555,0.38256388902664185,0.49023669958114624,0.5050042271614075,0.5831993222236633,0.5998369455337524,0.5937337875366211,0.5913020372390747,0.6278189420700073,0.656326949596405,-0.5634845495223999,-0.6058734655380249,-0.605696976184845,-0.6057565808296204,-0.6080943942070007,-0.6082203388214111,-0.6081308126449585,-0.6122029423713684,-0.6264546513557434,-0.5488264560699463,-0.5524406433105469,-0.4721664786338806,-0.49500223994255066,-0.43721693754196167,-0.5009655952453613,-0.5152371525764465,-0.5356218814849854,-0.5864816308021545,-0.6099265813827515,-0.5929895043373108,-0.6104860901832581,-0.5248982310295105,-0.5407993793487549,0.014206133782863617,-0.01435698103159666,0.06832805275917053,0.06011634320020676,0.3738698363304138,0.3447937071323395,0.40500712394714355,0.37183693051338196,0.3337225317955017,0.2905033230781555,pushup_down
0.49930137395858765,0.5136465430259705,0.5265788435935974,0.5418508052825928,0.48232489824295044,0.47130927443504333,0.45909780263900757,0.5620793104171753,0.4309498369693756,0.5150905847549438,0.47882720828056335,0.6761708855628967,0.3359030485153198,0.7148057818412781,0.2790139317512512,0.7677027583122253,0.20883142948150635,0.7909823060035706,0.18434575200080872,0.7610754370689392,0.21736976504325867,0.7420384883880615,0.2291959524154663,0.5808967351913452,0.42937007546424866,0.5921037793159485,0.42048531770706177,0.5613086819648743,0.45034781098365784,0.5260802507400513,0.44602373242378235,0.5661489963531494,0.47243592143058777,0.4855114817619324,0.4742624759674072,0.47262874245643616,0.4705701768398285,0.47382575273513794,0.47248873114585876,0.4711049199104309,0.45437344908714294,0.4612714648246765,0.4888071119785309,0.4881107807159424,0.47139254212379456,0.4631620943546295,0.5750741362571716,0.5891374945640564,0.6996927261352539,0.7005388736724854,0.7227767705917358,0.7287735939025879,0.7304081320762634,0.7321825623512268,0.7237444519996643,0.7211629748344421,0.3826107680797577,0.3829494118690491,0.4945710301399231,0.5071852207183838,0.5856014490127563,0.6049939393997192,0.600292444229126,0.5914446115493774,0.6367393732070923,0.6629562377929688,-0.6038402318954468,-0.6485615968704224,-0.6483930349349976,-0.6484596133232117,-0.6496996283531189,-0.6498593688011169,-0.6497874855995178,-0.6461875438690186,-0.652442991733551,-0.584010124206543,-0.5859664678573608,-0.49003928899765015,-0.5022984743118286,-0.45006853342056274,-0.5152108669281006,-0.543548047542572,-0.5499011874198914,-0.6211732029914856,-0.6294004917144775,-0.6268002986907959,-0.6335063576698303,-0.5538110136985779,-0.5576782822608948,0.01429729163646698,-0.01442466676235199,0.06280447542667389,0.05494987592101097,0.3753107190132141,0.3415268063545227,0.4073205590248108,0.36837896704673767,0.3271327018737793,0.2759355902671814,pushup_down
0.49630746245384216,0.5102779269218445,0.5224840641021729,0.5363279581069946,0.47937801480293274,0.4681808054447174,0.4560166597366333,0.5628095865249634,0.42734846472740173,0.5114439725875854,0.4760754406452179,0.6743462681770325,0.3298395276069641,0.7286615371704102,0.260872483253479,0.7682228684425354,0.20810618996620178,0.7912877202033997,0.18434526026248932,0.7609154582023621,0.2174016535282135,0.7410646080970764,0.22919905185699463,0.5784962177276611,0.4267842173576355,0.5933567881584167,0.41079649329185486,0.5597506761550903,0.4365466237068176,0.5265581607818604,0.44519978761672974,0.5818652510643005,0.45423299074172974,0.487498939037323,0.4786340594291687,0.4774565100669861,0.4758222997188568,0.47847241163253784,0.47757434844970703,0.47661012411117554,0.46118324995040894,0.46612709760665894,0.48953771591186523,0.4895760118961334,0.472005695104599,0.46694105863571167,0.5749822854995728,0.5871872305870056,0.698940634727478,0.7013293504714966,0.7226023077964783,0.7291569709777832,0.7305549383163452,0.7329116463661194,0.7238604426383972,0.7219716310501099,0.38386276364326477,0.38360562920570374,0.5038945078849792,0.5207034349441528,0.5953093767166138,0.6115292310714722,0.6064156293869019,0.6157535314559937,0.6496832966804504,0.6696877479553223,-0.6567936539649963,-0.699072003364563,-0.6988906264305115,-0.698967456817627,-0.6968514919281006,-0.6969484686851501,-0.6968801617622375,-0.7063832879066467,-0.7000981569290161,-0.6419691443443298,-0.6390358805656433,-0.5305259823799133,-0.5400708913803101,-0.4946829378604889,-0.5517173409461975,-0.565431535243988,-0.5847205519676208,-0.6437727212905884,-0.6610819697380066,-0.647415041923523,-0.6688017249107361,-0.5745813250541687,-0.5929978489875793,0.014759628102183342,-0.014790781773626804,0.05100580304861069,0.04781702533364296,0.360772967338562,0.3324430286884308,0.3919113576412201,0.3579024374485016,0.3072323799133301,0.2610411047935486,pushup_down
0.4680418372154236,0.48824167251586914,0.500156819820404,0.5114936828613281,0.45437443256378174,0.4420565366744995,0.42956653237342834,0.5374231934547424,0.4038660228252411,0.4921490550041199,0.4518801271915436,0.6329503655433655,0.3254513144493103,0.7719828486442566,0.17501994967460632,0.7763270735740662,0.20521561801433563,0.8008013963699341,0.18637897074222565,0.7567598819732666,0.22514018416404724,0.7438644170761108,0.24422629177570343,0.5425105094909668,0.4216213524341583,0.5119531154632568,0.42486321926116943,0.504149317741394,0.42977195978164673,0.5014640092849731,0.42907753586769104,0.5074909925460815,0.4363265633583069,0.6908957958221436,0.6798484921455383,0.6799839735031128,0.678051233291626,0.6798475980758667,0.6797369122505188,0.6794998645782471,0.6592066884040833,0.6581582427024841,0.6755744814872742,0.6817412972450256,0.6029291152954102,0.5949662327766418,0.605720579624176,0.5938349366188049,0.7082556486129761,0.7038940787315369,0.7286460399627686,0.7263774275779724,0.7313829660415649,0.7264853119850159,0.7234380841255188,0.7191491723060608,0.5372298955917358,0.5328067541122437,0.5449895262718201,0.5558873414993286,0.5369637608528137,0.5393519997596741,0.5269955396652222,0.5305315852165222,0.5489581823348999,0.5631816387176514,-0.46152374148368835,-0.5146939754486084,-0.5150182247161865,-0.5153396129608154,-0.5100432634353638,-0.5101589560508728,-0.510308563709259,-0.5556538701057434,-0.5372147560119629,-0.4540684223175049,-0.4478369951248169,-0.47418954968452454,-0.4600549340248108,-0.3292328119277954,-0.2966462969779968,-0.32632309198379517,-0.25342249870300293,-0.38023796677589417,-0.29602929949760437,-0.3961459994316101,-0.31033051013946533,-0.3320446014404297,-0.2583605945110321,0.010461411438882351,-0.01030408963561058,0.43881678581237793,0.4264039397239685,0.9920943379402161,0.9831802248954773,1.0575590133666992,1.047580599784851,1.10836923122406,1.0907973051071167,pushup_up
0.44296905398368835,0.4541219174861908,0.46197912096977234,0.47764477133750916,0.43021243810653687,0.42145636677742004,0.4122679531574249,0.5021854043006897,0.3964541554450989,0.46000930666923523,0.4308474361896515,0.5884737372398376,0.3423328399658203,0.6861962676048279,0.19956673681735992,0.771274209022522,0.2050333172082901,0.7996731400489807,0.1855420470237732,0.7681138515472412,0.2161898910999298,0.7526140809059143,0.2319602370262146,0.5154520273208618,0.4165198802947998,0.49326246976852417,0.4245406985282898,0.5077908635139465,0.4450463652610779,0.5060058832168579,0.45138663053512573,0.4931148886680603,0.4390731751918793,0.750703752040863,0.7535288333892822,0.7537798285484314,0.7432791590690613,0.7427355647087097,0.7409355044364929,0.7390278577804565,0.7256949543952942,0.7181751728057861,0.7426854968070984,0.7406619787216187,0.6754900813102722,0.6601752638816833,0.6616381406784058,0.6278453469276428,0.7166560888290405,0.7081776857376099,0.7357469797134399,0.7279802560806274,0.7301663160324097,0.7289183735847473,0.7236357927322388,0.7224746346473694,0.5937485098838806,0.5850782990455627,0.5775192975997925,0.5768434405326843,0.5543387532234192,0.546512246131897,0.5400636792182922,0.540321946144104,0.573859691619873,0.5784873962402344,-0.48575058579444885,-0.5264835953712463,-0.5268279314041138,-0.5272005200386047,-0.5238806009292603,-0.5239706039428711,-0.5241272449493408,-0.5458347201347351,-0.528672993183136,-0.4729311168193817,-0.46771588921546936,-0.45103883743286133,-0.42281201481819153,-0.3022850751876831,-0.3000873923301697,-0.2753154933452606,-0.2576572895050049,-0.31817662715911865,-0.29327622056007385,-0.31902381777763367,-0.3112640082836151,-0.27287960052490234,-0.2626315951347351,0.012754848226904869,-0.012752476148307323,0.4471816122531891,0.456563264131546,1.015617847442627,1.0106515884399414,1.0774753093719482,1.0746957063674927,1.1178021430969238,1.095584750175476,pushup_up
0.44336628913879395,0.4516240954399109,0.4685194194316864,0.4814559817314148,0.42893752455711365,0.4191887378692627,0.40922436118125916,0.5074480772018433,0.39497166872024536,0.4618808627128601,0.4298190772533417,0.5958503484725952,0.3363002836704254,0.6929295659065247,0.1853908747434616,0.7227010130882263,0.20502355694770813,0.7491844892501831,0.18203674256801605,0.726260781288147,0.2129538655281067,0.7091008424758911,0.23000788688659668,0.5233357548713684,0.4212692975997925,0.4999544322490692,0.4418943524360657,0.5552718043327332,0.4629291892051697,0.545524537563324,0.4708215892314911,0.5329688191413879,0.4671904146671295,0.760482907295227,0.770456850528717,0.7575331926345825,0.7561787962913513,0.7560383081436157,0.754109263420105,0.752091646194458,0.7365704774856567,0.7295143008232117,0.7495302557945251,0.7475026845932007,0.6848875284194946,0.6652455925941467,0.6546092629432678,0.6296859383583069,0.7095005512237549,0.7087485194206238,0.7211589813232422,0.7282232046127319,0.7202786803245544,0.7292708158493042,0.7141774296760559,0.7224274277687073,0.5897408127784729,0.5810751914978027,0.5764508247375488,0.5725805163383484,0.5531540513038635,0.5463367104530334,0.5260054469108582,0.5389660000801086,0.5746492147445679,0.575912594795227,-0.5221266150474548,-0.5732963681221008,-0.5735331773757935,-0.5738323330879211,-0.5720833539962769,-0.5721915364265442,-0.5723142623901367,-0.6537748575210571,-0.6459315419197083,-0.5124177932739258,-0.5098533034324646,-0.5880070328712463,-0.5603859424591064,-0.3410581052303314,-0.3654734194278717,-0.2398644983768463,-0.2933192253112793,-0.28240767121315,-0.33238938450813293,-0.29446694254875183,-0.3585647642612457,-0.2406688630580902,-0.30057865381240845,0.007502151187509298,-0.007268225308507681,0.5591152906417847,0.5812800526618958,1.2183325290679932,1.2381787300109863,1.2984988689422607,1.315886378288269,1.3749834299087524,1.3823951482772827,pushup_up
0.447736531496048,0.4591764807701111,0.4730430245399475,0.48451703786849976,0.43107762932777405,0.4218165874481201,0.41191670298576355,0.5086881518363953,0.395772248506546,0.46752244234085083,0.4336108863353729,0.5985336899757385,0.3356434404850006,0.6986614465713501,0.18163515627384186,0.7324809432029724,0.20934316515922546,0.7608385682106018,0.18492311239242554,0.7358107566833496,0.2137705534696579,0.7178875207901001,0.2341863363981247,0.5268595218658447,0.4282357096672058,0.5127284526824951,0.4473218619823456,0.5527467727661133,0.46574610471725464,0.5509205460548401,0.47104281187057495,0.5346105098724365,0.46600210666656494,0.765558123588562,0.7628272771835327,0.7609182596206665,0.7597095966339111,0.7611638903617859,0.7594318389892578,0.7576256990432739,0.7387493252754211,0.7345812916755676,0.7535941004753113,0.7522887587547302,0.6855985522270203,0.6712299585342407,0.6455114483833313,0.6283089518547058,0.6921783685684204,0.7087987661361694,0.7033150792121887,0.7281078100204468,0.7054494619369507,0.7294195890426636,0.6999195218086243,0.7224286794662476,0.5901625156402588,0.5875268578529358,0.5791062116622925,0.57272869348526,0.5531405806541443,0.5480905175209045,0.5281643271446228,0.5409106016159058,0.5762668251991272,0.5774919390678406,-0.5366601347923279,-0.5850867629051208,-0.585311770439148,-0.585737407207489,-0.5753660202026367,-0.575348973274231,-0.5753190517425537,-0.6935749650001526,-0.6718130111694336,-0.5316166877746582,-0.516463041305542,-0.6267442107200623,-0.5799228549003601,-0.3600762188434601,-0.38528454303741455,-0.24981121718883514,-0.2936747968196869,-0.29424723982810974,-0.32787656784057617,-0.3007729649543762,-0.3581112027168274,-0.24907580018043518,-0.3017735183238983,-0.0016806299099698663,0.001960919238626957,0.572498083114624,0.6106120347976685,1.253002643585205,1.2899839878082275,1.3358421325683594,1.3706790208816528,1.4116724729537964,1.4389561414718628,pushup_up
0.44850048422813416,0.46908271312713623,0.4814918637275696,0.4927157461643219,0.43235987424850464,0.42250490188598633,0.4127465486526489,0.5168387293815613,0.40118879079818726,0.4738331735134125,0.4389350116252899,0.6069545149803162,0.33520787954330444,0.708119809627533,0.17772176861763,0.7411426305770874,0.2151348888874054,0.7686172723770142,0.1879512369632721,0.7370129823684692,0.21971198916435242,0.7225759029388428,0.240419402718544,0.5343434810638428,0.43344566226005554,0.5379742383956909,0.4520021677017212,0.5677362680435181,0.4670442044734955,0.5662354230880737,0.472009539604187,0.5486828088760376,0.4715110659599304,0.7779721021652222,0.770272970199585,0.7691509127616882,0.768020510673523,0.7771235704421997,0.7749456763267517,0.7718225717544556,0.7476284503936768,0.7443152666091919,0.7572848200798035,0.7560783624649048,0.6773191094398499,0.6769947409629822,0.6355034708976746,0.6272209286689758,0.676619827747345,0.706720769405365,0.6868215799331665,0.7245467901229858,0.6902856826782227,0.7285999059677124,0.685290515422821,0.7213549613952637,0.5914982557296753,0.5910120606422424,0.5768581032752991,0.573955237865448,0.5526924133300781,0.5483591556549072,0.5324990749359131,0.5407365560531616,0.5780011415481567,0.5780800580978394,-0.5527445673942566,-0.6252498030662537,-0.6253834366798401,-0.6257240176200867,-0.6255125999450684,-0.6256625056266785,-0.6257330179214478,-0.7360085248947144,-0.7433825135231018,-0.564114511013031,-0.5636547803878784,-0.6735010147094727,-0.6555302143096924,-0.3963085114955902,-0.4435994029045105,-0.249278724193573,-0.30277952551841736,-0.28984981775283813,-0.33610913157463074,-0.2991587817668915,-0.363429993391037,-0.2493022084236145,-0.30883535742759705,-0.004837564192712307,0.005172906443476677,0.6192342638969421,0.6643335819244385,1.3497098684310913,1.3917707204818726,1.4384485483169556,1.4780404567718506,1.5217537879943848,1.5556296110153198,pushup_up
0.4572576880455017,0.4749443531036377,0.4862852394580841,0.4970046281814575,0.43395546078681946,0.42388415336608887,0.4140160381793976,0.5197409987449646,0.4047549366950989,0.47865185141563416,0.444198876619339,0.6128932237625122,0.3347774147987366,0.7131602764129639,0.17857863008975983,0.7530359029769897,0.22011539340019226,0.7859177589416504,0.1893319934606552,0.7639697790145874,0.22464174032211304,0.7449178695678711,0.24387158453464508,0.5358390212059021,0.43555599451065063,0.5380164980888367,0.44942647218704224,0.5595054030418396,0.46391940116882324,0.5563716292381287,0.46913135051727295,0.545233428478241,0.46797531843185425,0.7723432779312134,0.7699266076087952,0.7688513398170471,0.7676897048950195,0.7797616720199585,0.777561366558075,0.7744338512420654,0.7467504739761353,0.7434548139572144,0.7584101557731628,0.7571320533752441,0.6754119992256165,0.6782809495925903,0.6271499991416931,0.6283854246139526,0.6632770895957947,0.705323338508606,0.6714152693748474,0.7224831581115723,0.6757006049156189,0.7274584174156189,0.6718412637710571,0.719801127910614,0.5921638607978821,0.5930855870246887,0.5774003267288208,0.5783498287200928,0.5526844263076782,0.5488695502281189,0.5330013632774353,0.541578471660614,0.5808893442153931,0.5788701772689819,-0.5866051316261292,-0.6555656790733337,-0.6557321548461914,-0.656029462814331,-0.6534292697906494,-0.6536064743995667,-0.6537216305732727,-0.7466107606887817,-0.7384929060935974,-0.5932967066764832,-0.5901933312416077,-0.6708957552909851,-0.639519453048706,-0.4115445911884308,-0.43646156787872314,-0.27736568450927734,-0.3081471025943756,-0.32193323969841003,-0.3415742516517639,-0.3284415006637573,-0.36924463510513306,-0.27711784839630127,-0.3143463432788849,-0.009826323948800564,0.010170912370085716,0.6059214472770691,0.6605299711227417,1.3314741849899292,1.386713981628418,1.418618083000183,1.4720447063446045,1.4955531358718872,1.5452756881713867,pushup_up
0.45350757241249084,0.47628703713417053,0.4874510169029236,0.4981522858142853,0.4344051778316498,0.42417407035827637,0.41444575786590576,0.5210921168327332,0.4012012779712677,0.47982749342918396,0.4452822804450989,0.6182094812393188,0.3345944285392761,0.7165478467941284,0.17951564490795135,0.7536520957946777,0.22157031297683716,0.787024199962616,0.1910737156867981,0.7638676762580872,0.23106920719146729,0.7448465824127197,0.24769462645053864,0.5429582595825195,0.43641990423202515,0.5434331893920898,0.44887033104896545,0.5673006176948547,0.4648880958557129,0.5638711452484131,0.4705755412578583,0.5450260639190674,0.4661801755428314,0.7886492013931274,0.7814566493034363,0.7803804278373718,0.7792167067527771,0.7880390882492065,0.785821795463562,0.7830867171287537,0.7573421001434326,0.7558286786079407,0.7697809338569641,0.768205463886261,0.682818591594696,0.6847836375236511,0.6259631514549255,0.6292786002159119,0.6665899157524109,0.7052807211875916,0.6748937964439392,0.7226154804229736,0.6794852018356323,0.727514922618866,0.6752763390541077,0.7201143503189087,0.5958263278007507,0.5931282639503479,0.5819822549819946,0.5791186094284058,0.5526958107948303,0.5494067668914795,0.5346751809120178,0.5421010851860046,0.5866023302078247,0.5805665254592896,-0.5605300664901733,-0.6371190547943115,-0.6372659802436829,-0.6375507116317749,-0.6344332695007324,-0.634659469127655,-0.6347566246986389,-0.7183400392532349,-0.7117175459861755,-0.5752326250076294,-0.571300745010376,-0.6438559293746948,-0.6164882779121399,-0.40709927678108215,-0.42722633481025696,-0.25572505593299866,-0.27287226915359497,-0.2980833351612091,-0.30055901408195496,-0.3060610294342041,-0.3282863199710846,-0.25574958324432373,-0.2780401110649109,-0.009009272791445255,0.009380460716784,0.6018310785293579,0.6516551971435547,1.317653775215149,1.3688488006591797,1.403908133506775,1.4529683589935303,1.4901602268218994,1.5340884923934937,pushup_up
0.46971023082733154,0.4861335754394531,0.4963967204093933,0.5064671635627747,0.441982239484787,0.43072620034217834,0.4211343228816986,0.5287083387374878,0.40300190448760986,0.49036890268325806,0.458204984664917,0.6238778829574585,0.3494892418384552,0.7246659398078918,0.20081302523612976,0.757918119430542,0.22505247592926025,0.792654275894165,0.1971646249294281,0.7633042335510254,0.2394341081380844,0.7445122003555298,0.25487974286079407,0.549345076084137,0.4368678331375122,0.5425773859024048,0.45068782567977905,0.5640361309051514,0.46841663122177124,0.5596581101417542,0.4744633138179779,0.5430637001991272,0.47177526354789734,0.7915789484977722,0.7867283821105957,0.7854309678077698,0.7840341329574585,0.7937207818031311,0.7917317152023315,0.7894564270973206,0.7614953517913818,0.7639845609664917,0.7775912880897522,0.7766570448875427,0.6858382821083069,0.691128671169281,0.624912440776825,0.6291869878768921,0.6737092137336731,0.7060116529464722,0.7096228003501892,0.7228220105171204,0.7158468961715698,0.7281752824783325,0.7061806321144104,0.7211781144142151,0.596155047416687,0.5939143896102905,0.5807405710220337,0.5803512930870056,0.5526911616325378,0.5497583746910095,0.5352298021316528,0.5424646139144897,0.5861035585403442,0.581120491027832,-0.5012498497962952,-0.5602112412452698,-0.5603991746902466,-0.5607138276100159,-0.5560634136199951,-0.556183397769928,-0.5562194585800171,-0.6241374611854553,-0.6062989830970764,-0.5009846091270447,-0.4951944649219513,-0.5552120804786682,-0.5008063912391663,-0.33086153864860535,-0.2930848300457001,-0.23386190831661224,-0.1682460904121399,-0.26913610100746155,-0.18430835008621216,-0.2727251648902893,-0.20163361728191376,-0.23132117092609406,-0.16854339838027954,-0.013043581508100033,0.013362404890358448,0.562063992023468,0.5965542793273926,1.1740578413009644,1.2635328769683838,1.248774766921997,1.3427320718765259,1.3976061344146729,1.3949178457260132,pushup_up
0.4765408933162689,0.4903365671634674,0.5002114772796631,0.5099759697914124,0.4463791251182556,0.4352456331253052,0.42530208826065063,0.5318048000335693,0.41998252272605896,0.4959550201892853,0.4650522470474243,0.6315144896507263,0.35743850469589233,0.7580087184906006,0.20390410721302032,0.7724529504776001,0.2235402911901474,0.7998679876327515,0.1967552751302719,0.7659120559692383,0.23908691108226776,0.746789813041687,0.25516244769096375,0.5523993968963623,0.43816253542900085,0.5414767861366272,0.45035234093666077,0.5606295466423035,0.467656672000885,0.5563250780105591,0.4746551215648651,0.5426992177963257,0.4722461402416229,0.7940412759780884,0.7893775105476379,0.7877960205078125,0.7861195802688599,0.7994903326034546,0.7975274324417114,0.7936240434646606,0.7631344795227051,0.7634255290031433,0.7797993421554565,0.7796063423156738,0.6811012625694275,0.6961273550987244,0.6021983623504639,0.6299580931663513,0.6883431673049927,0.7061249613761902,0.7176178097724915,0.7228723764419556,0.7221441268920898,0.7284281849861145,0.7133162021636963,0.7215877771377563,0.5976701974868774,0.5952487587928772,0.5798191428184509,0.5827339291572571,0.552778959274292,0.5499236583709717,0.5379481315612793,0.5426164865493774,0.5859748125076294,0.583320677280426,-0.49927669763565063,-0.5593573451042175,-0.5595158338546753,-0.5598184466362,-0.5540521740913391,-0.5541638135910034,-0.5542091727256775,-0.6298107504844666,-0.6072225570678711,-0.49990013241767883,-0.4927716851234436,-0.562699019908905,-0.49329325556755066,-0.32696786522865295,-0.26737576723098755,-0.21231988072395325,-0.1282588392496109,-0.2427961826324463,-0.1337599754333496,-0.24026726186275482,-0.1534382700920105,-0.2062923014163971,-0.12819474935531616,-0.0191526859998703,0.019384212791919708,0.5048173069953918,0.582830011844635,1.110872507095337,1.2377009391784668,1.1853300333023071,1.3166706562042236,1.3036775588989258,1.3782622814178467,pushup_up
0.4818664491176605,0.49487704038619995,0.5046336650848389,0.5143075585365295,0.4532386064529419,0.4418230354785919,0.4329650104045868,0.5360630750656128,0.42891740798950195,0.501133143901825,0.47061842679977417,0.6368861198425293,0.36092323064804077,0.7605646848678589,0.20687539875507355,0.771895170211792,0.22596539556980133,0.7989099025726318,0.1970123052597046,0.7656571269035339,0.24119733273983002,0.7466323971748352,0.25752562284469604,0.5533270239830017,0.43792831897735596,0.5402806401252747,0.45083901286125183,0.5586373805999756,0.4664284586906433,0.555152952671051,0.47405973076820374,0.5370275378227234,0.47328677773475647,0.7964009642601013,0.7912148237228394,0.78952556848526,0.7877481579780579,0.8006511926651001,0.799139142036438,0.7971262335777283,0.7642657160758972,0.7646096348762512,0.7819513082504272,0.781932532787323,0.6795686483383179,0.6994937062263489,0.5921636819839478,0.6314898133277893,0.696057140827179,0.7061284780502319,0.7216851711273193,0.7232857942581177,0.7252863645553589,0.728429913520813,0.7167449593544006,0.7216097712516785,0.5966218709945679,0.5972115993499756,0.5802992582321167,0.5832480192184448,0.5524070858955383,0.5500420331954956,0.5384153127670288,0.5428214073181152,0.5856792330741882,0.5841618776321411,-0.5104551315307617,-0.5708497762680054,-0.5709920525550842,-0.5712834596633911,-0.5649579167366028,-0.5650673508644104,-0.5651095509529114,-0.6394901871681213,-0.6142829656600952,-0.5097008347511292,-0.5019832849502563,-0.5640915632247925,-0.49096158146858215,-0.32776474952697754,-0.24400632083415985,-0.19686777889728546,-0.0993892103433609,-0.2269233912229538,-0.10264274477958679,-0.22518131136894226,-0.12546299397945404,-0.19068899750709534,-0.10033655911684036,-0.02678702585399151,0.027009712532162666,0.5059553980827332,0.6073253154754639,1.125969648361206,1.2523130178451538,1.2009668350219727,1.3294963836669922,1.317875862121582,1.4350907802581787,pushup_up
0.48582425713539124,0.499155730009079,0.5089550614356995,0.5187090635299683,0.4600363075733185,0.44706085324287415,0.43762990832328796,0.5409892797470093,0.4343792796134949,0.5050261616706848,0.47467994689941406,0.636728048324585,0.36568182706832886,0.7627089023590088,0.2113315612077713,0.7709817886352539,0.22478599846363068,0.7980718016624451,0.19680941104888916,0.7651200890541077,0.24371002614498138,0.746189534664154,0.25963908433914185,0.5536072850227356,0.4385078549385071,0.5344071984291077,0.4525638222694397,0.5327633023262024,0.46594592928886414,0.5483936071395874,0.4732643663883209,0.5306655168533325,0.4724767804145813,0.7922711968421936,0.7868989109992981,0.785228967666626,0.7834709882736206,0.7970136404037476,0.7956182360649109,0.7938080430030823,0.7601197957992554,0.7606256604194641,0.7784167528152466,0.7783748507499695,0.6822194457054138,0.6968370676040649,0.5913428068161011,0.6301842927932739,0.6994783282279968,0.7061306238174438,0.7225422859191895,0.72366863489151,0.7255589962005615,0.728314995765686,0.7163463830947876,0.7215739488601685,0.5956072211265564,0.5964296460151672,0.5804383158683777,0.5847868919372559,0.5516785383224487,0.5529130101203918,0.5394008159637451,0.5443054437637329,0.5851653814315796,0.5867753028869629,-0.4500884711742401,-0.5104252099990845,-0.5105922818183899,-0.5108844041824341,-0.5041277408599854,-0.5042474865913391,-0.5043303370475769,-0.5857332348823547,-0.5595280528068542,-0.45262253284454346,-0.4446004331111908,-0.5285819172859192,-0.4521993100643158,-0.29266491532325745,-0.21518155932426453,-0.1730961799621582,-0.08372651040554047,-0.202278271317482,-0.09160581976175308,-0.20211274921894073,-0.11267336457967758,-0.16797804832458496,-0.08506813645362854,-0.023864513263106346,0.024126505479216576,0.49899956583976746,0.5962406396865845,1.1125445365905762,1.216246247291565,1.188038945198059,1.2897127866744995,1.2943660020828247,1.3995554447174072,pushup_up
0.48319438099861145,0.49804627895355225,0.5083420872688293,0.5185825228691101,0.4595513939857483,0.44742244482040405,0.43679264187812805,0.542803943157196,0.43207669258117676,0.5029765367507935,0.4716840088367462,0.6460998058319092,0.3685474097728729,0.7614160180091858,0.21257781982421875,0.7688084244728088,0.22402912378311157,0.7940635085105896,0.19656136631965637,0.760162353515625,0.24464458227157593,0.7402737140655518,0.2591879367828369,0.5576361417770386,0.43879562616348267,0.532939612865448,0.4535049796104431,0.5420140624046326,0.46545881032943726,0.5479986071586609,0.47290799021720886,0.5277553200721741,0.4727519154548645,0.793928325176239,0.7885385155677795,0.7870948314666748,0.7855507135391235,0.7968554496765137,0.7951256632804871,0.792833685874939,0.7622908353805542,0.7607003450393677,0.7807854413986206,0.7800856828689575,0.6786497235298157,0.6935156583786011,0.5891829133033752,0.6276549696922302,0.7002050280570984,0.7061172723770142,0.7229689359664917,0.7241734266281128,0.7245643138885498,0.7283213138580322,0.715031623840332,0.7215762138366699,0.5944592356681824,0.5941770672798157,0.5799949169158936,0.5837962031364441,0.5516365766525269,0.5528784990310669,0.5395280718803406,0.5441926717758179,0.5838237404823303,0.5865870714187622,-0.4403635561466217,-0.49968117475509644,-0.49990183115005493,-0.5002493858337402,-0.4954501986503601,-0.49555277824401855,-0.4956355690956116,-0.5712020993232727,-0.5528424382209778,-0.4417346119880676,-0.4360649585723877,-0.5147146582603455,-0.4495822489261627,-0.2713702321052551,-0.2186240255832672,-0.1463773548603058,-0.08047126978635788,-0.175021693110466,-0.08966124802827835,-0.17428874969482422,-0.10844825953245163,-0.14074407517910004,-0.08089722692966461,-0.02136220596730709,0.021620910614728928,0.5005339980125427,0.5881718397140503,1.1224958896636963,1.2135777473449707,1.1980193853378296,1.2872626781463623,1.2957286834716797,1.3799439668655396,pushup_up
0.4782457947731018,0.4964011609554291,0.5070207118988037,0.5181314945220947,0.4555809795856476,0.4439087212085724,0.4324902892112732,0.5414645671844482,0.41842779517173767,0.4984254240989685,0.46729934215545654,0.6355124711990356,0.367282897233963,0.764812707901001,0.21035385131835938,0.7693674564361572,0.22241362929344177,0.7939852476119995,0.19561652839183807,0.7594155073165894,0.24403665959835052,0.7394788861274719,0.25855544209480286,0.5564998388290405,0.43924379348754883,0.5345314145088196,0.45386356115341187,0.5416096448898315,0.4649384021759033,0.5242096781730652,0.47252365946769714,0.5174661874771118,0.47215503454208374,0.7920017242431641,0.7939823269844055,0.7929829955101013,0.7911529541015625,0.7930020093917847,0.7910873293876648,0.7881001234054565,0.7591007947921753,0.7609494924545288,0.7798178791999817,0.7788699865341187,0.6824275255203247,0.6894001364707947,0.5958876609802246,0.6221705675125122,0.7013089060783386,0.7048800587654114,0.722754716873169,0.7241959571838379,0.7244097590446472,0.7271832227706909,0.714556097984314,0.7209739685058594,0.5932027697563171,0.5917225480079651,0.5831726789474487,0.5833479762077332,0.5589984655380249,0.5561836957931519,0.5416315197944641,0.5489991903305054,0.5864057540893555,0.5886146426200867,-0.41258710622787476,-0.4678906798362732,-0.4681524932384491,-0.46846631169319153,-0.46268153190612793,-0.46278253197669983,-0.46287238597869873,-0.533142626285553,-0.5087376236915588,-0.4138812720775604,-0.4063126742839813,-0.47833704948425293,-0.4146254360675812,-0.2577482759952545,-0.22060759365558624,-0.158852219581604,-0.12658117711544037,-0.1896035075187683,-0.14157620072364807,-0.19168175756931305,-0.16100193560123444,-0.15451055765151978,-0.12856632471084595,-0.021113425493240356,0.021518005058169365,0.46574655175209045,0.532234251499176,1.0500495433807373,1.1121525764465332,1.1212056875228882,1.1801244020462036,1.1987189054489136,1.2540385723114014,pushup_up
0.4782670736312866,0.49655434489250183,0.5076575875282288,0.520725667476654,0.45609211921691895,0.44334933161735535,0.43208473920822144,0.5409862399101257,0.4221479594707489,0.49772173166275024,0.46633145213127136,0.6256547570228577,0.36595988273620605,0.7712629437446594,0.19863465428352356,0.7699373960494995,0.21773113310337067,0.7938898801803589,0.19261129200458527,0.7581170201301575,0.23914602398872375,0.7386294007301331,0.255288690328598,0.5486559867858887,0.43919825553894043,0.5307594537734985,0.4534437358379364,0.523781955242157,0.4614967405796051,0.518582284450531,0.46659597754478455,0.5027828216552734,0.4672258496284485,0.7863097190856934,0.7870470285415649,0.7885070443153381,0.7867603302001953,0.7845937013626099,0.7788335084915161,0.7762985825538635,0.7447868585586548,0.7421084642410278,0.7740898132324219,0.775840699672699,0.6753585934638977,0.6766995191574097,0.6005486845970154,0.5984448790550232,0.7014022469520569,0.7046290636062622,0.7220465540885925,0.7243123054504395,0.7237339615821838,0.7270238399505615,0.714183509349823,0.7208162546157837,0.5927868485450745,0.5885639190673828,0.5833768248558044,0.5827890634536743,0.5639104247093201,0.5591434240341187,0.5530992746353149,0.5528206825256348,0.5893288850784302,0.5885447263717651,-0.4233413338661194,-0.4733451008796692,-0.4736189544200897,-0.4739078879356384,-0.46566590666770935,-0.4657484292984009,-0.4658588767051697,-0.5181068181991577,-0.48064470291137695,-0.4193388521671295,-0.40800970792770386,-0.4460929036140442,-0.3922211229801178,-0.2525079846382141,-0.2173965722322464,-0.17411604523658752,-0.1482810378074646,-0.2074996531009674,-0.18485412001609802,-0.21417748928070068,-0.19954229891300201,-0.17223073542118073,-0.1544913798570633,-0.017419077455997467,0.01784881390631199,0.43962615728378296,0.4794899821281433,0.9750705361366272,1.015538215637207,1.0399322509765625,1.0780274868011475,1.110025405883789,1.1418068408966064,pushup_up
0.49027666449546814,0.49309027194976807,0.5187918543815613,0.5320733189582825,0.47652190923690796,0.4658154249191284,0.45757943391799927,0.5437350869178772,0.4243393838405609,0.507089376449585,0.47157540917396545,0.6384220719337463,0.33365193009376526,0.7799508571624756,0.21641850471496582,0.7739390730857849,0.20898613333702087,0.7961902022361755,0.18915672600269318,0.7610509991645813,0.2162925899028778,0.7469522953033447,0.2346334457397461,0.554179310798645,0.4167647957801819,0.5752140283584595,0.4053090512752533,0.5169917345046997,0.4452442228794098,0.5053070783615112,0.44320377707481384,0.5390872359275818,0.4737499952316284,0.5794392824172974,0.5760675668716431,0.5705900192260742,0.5700504183769226,0.5713444948196411,0.570531964302063,0.5684345364570618,0.5531338453292847,0.5558087229728699,0.5748332142829895,0.5743048191070557,0.5278433561325073,0.5350500345230103,0.6074420213699341,0.5924781560897827,0.7094447016716003,0.7068252563476562,0.7302378416061401,0.7277892827987671,0.7314563989639282,0.7291449904441833,0.723037838935852,0.7211931943893433,0.4705089032649994,0.4762052595615387,0.5634266138076782,0.5717655420303345,0.5793778896331787,0.5781407356262207,0.5666958689689636,0.5716675519943237,0.6150968074798584,0.6111038327217102,-1.0093867778778076,-1.0454293489456177,-1.0454368591308594,-1.0456827878952026,-1.0442726612091064,-1.044495701789856,-1.0445802211761475,-0.9909794330596924,-0.9847235083580017,-0.9617165327072144,-0.9601995944976807,-0.8304463028907776,-0.7922636270523071,-0.6785629391670227,-0.7113924622535706,-0.7614522576332092,-0.7420218586921692,-0.8417425155639648,-0.8245604634284973,-0.8577250242233276,-0.8337336182594299,-0.7729254961013794,-0.7486120462417603,0.018711019307374954,-0.018736805766820908,0.3746068775653839,0.31419795751571655,1.0034794807434082,0.9675543904304504,1.0738869905471802,1.0399365425109863,1.069041132926941,1.0418661832809448,pushup_down
